{
  "type": "FeatureCollection",
  "generator": "overpass-turbo",
  "copyright": "The data included in this document is from www.openstreetmap.org. The data is made available under ODbL.",
  "timestamp": "2026-08-07T16:57:40Z",
  "features": [
    {
      "type": "Feature",
      "properties": {
        "@id": "way/29100414",
        "addr:city": "San Francisco",
        "addr:housenumber": "1560",
        "addr:postcode": "94133",
        "addr:state": "CA",
        "addr:street": "Powell Street",
        "amenity": "pub",
        "building": "yes",
        "check_date": "2023-03-20",
        "name": "Northstar Cafe",
        "@geometry": "center"
      },
      "geometry": {
        "type": "Point",
        "coordinates": [
          -122.4104205,
          37.7992192
        ]
      },
      "id": "way/29100414"
    },
    {
      "type": "Feature",
      "properties": {
        "@id": "way/35537202",
        "addr:housenumber": "255",
        "addr:postcode": "94133",
        "addr:state": "CA",
        "addr:street": "Columbus Avenue",
        "alt_name": "Vesuvio Cafe",
        "amenity": "pub",
        "building": "yes",
        "check_date": "2025-09-05",
        "height": "10",
        "name": "Vesuvio",
        "wikidata": "Q7923521",
        "wikipedia": "en:Vesuvio Cafe",
        "@geometry": "center"
      },
      "geometry": {
        "type": "Point",
        "coordinates": [
          -122.406442,
          37.7974913
        ]
      },
      "id": "way/35537202"
    },
    {
      "type": "Feature",
      "properties": {
        "@id": "node/61670779",
        "addr:city": "San Francisco",
        "addr:housenumber": "530",
        "addr:state": "CA",
        "addr:street": "Haight Street",
        "alt_name": "Woods Beer;Lowside",
        "amenity": "pub",
        "branch": "Lowside",
        "check_date": "2026-07-13",
        "contact:facebook": "woodsbeerco",
        "contact:instagram": "woodsbeer",
        "contact:twitter": "woodsbeer",
        "drink:beer": "yes",
        "drink:wine": "yes",
        "email": "info@woodsbeer.com",
        "indoor_seating": "yes",
        "name": "Woods Lowside",
        "note:name": "Part of Woods Beer, sign says both \"Woods\" and \"Lowside\", but their website makes Lowside sound like a branch",
        "old_name": "Mad Dog in the Fog",
        "opening_hours": "Su,Mo-We 13:00-22:00; Th 13:00-23:00; Fr-Sa 13:00-24:00",
        "opening_hours:url": "https://www.woodsbeer.com/lowside",
        "outdoor_seating": "patio",
        "phone": "+1 415 5485734",
        "website": "https://www.woodsbeer.com/lowside",
        "wheelchair": "yes"
      },
      "geometry": {
        "type": "Point",
        "coordinates": [
          -122.4310153,
          37.7721448
        ]
      },
      "id": "node/61670779"
    },
    {
      "type": "Feature",
      "properties": {
        "@id": "node/61671096",
        "addr:housenumber": "547",
        "addr:street": "Haight Street",
        "amenity": "pub",
        "check_date": "2025-11-26",
        "contact:email": "info@toronado.com",
        "contact:fax": "+1-415-621-0322",
        "contact:phone": "+1-415-863-2276",
        "contact:website": "http://www.toronado.com/",
        "name": "Toronado",
        "opening_hours": "11:00-02:00"
      },
      "geometry": {
        "type": "Point",
        "coordinates": [
          -122.4312219,
          37.77191
        ]
      },
      "id": "node/61671096"
    },
    {
      "type": "Feature",
      "properties": {
        "@id": "node/61671382",
        "addr:housenumber": "582",
        "addr:street": "Haight Street",
        "amenity": "pub",
        "check_date": "2026-05-26",
        "level": "0",
        "name": "Molotov's",
        "opening_hours": "15:00-02:00",
        "sport": "billiards",
        "wheelchair": "yes"
      },
      "geometry": {
        "type": "Point",
        "coordinates": [
          -122.4317624,
          37.7720543
        ]
      },
      "id": "node/61671382"
    },
    {
      "type": "Feature",
      "properties": {
        "@id": "node/61672275",
        "addr:housenumber": "557",
        "addr:street": "Haight Street",
        "amenity": "pub",
        "check_date": "2026-05-26",
        "name": "Noc Noc",
        "short_name": "NocNoc",
        "website": "https://www.nocnocs.com/",
        "wheelchair": "no"
      },
      "geometry": {
        "type": "Point",
        "coordinates": [
          -122.4314192,
          37.7718891
        ]
      },
      "id": "node/61672275"
    },
    {
      "type": "Feature",
      "properties": {
        "@id": "node/61673273",
        "addr:city": "San Francisco",
        "addr:floor": "1",
        "addr:housenumber": "668",
        "addr:postcode": "94117",
        "addr:state": "CA",
        "addr:street": "Haight Street",
        "amenity": "pub",
        "check_date": "2026-07-13",
        "contact:facebook": "dannycoyles",
        "contact:twitter": "dannycoylessf",
        "contact:yelp": "http://www.yelp.com/biz/danny-coyles-san-francisco",
        "cuisine": "irish",
        "level": "0",
        "name": "Danny Coyle's",
        "opening_hours": "Mo 16:00-22:00; Tu 14:00-22:00; We-Fr 14:00-26:00; Sa 07:00-26:00; Su 07:00-22:00",
        "opening_hours:url": "http://www.dannycoyles.com/",
        "phone": "+1 415 5588375",
        "sport": "billiards",
        "website": "http://www.dannycoyles.com/",
        "website:calendar": "http://www.dannycoyles.com/sports-page.html",
        "wheelchair": "yes"
      },
      "geometry": {
        "type": "Point",
        "coordinates": [
          -122.4332636,
          37.7718647
        ]
      },
      "id": "node/61673273"
    },
    {
      "type": "Feature",
      "properties": {
        "@id": "node/61674029",
        "addr:city": "San Francisco",
        "addr:housenumber": "298",
        "addr:street": "Divisadero Street",
        "amenity": "pub",
        "check_date": "2026-05-06",
        "check_date:opening_hours": "2026-05-06",
        "name": "The Page",
        "opening_hours": "Mo-Th 16:00-02:00; Fr-Su 13:00-02:00",
        "payment:cards": "no",
        "payment:credit_cards": "no",
        "payment:debit_cards": "no",
        "sport": "billiards",
        "website": "https://www.thepagebar.com/",
        "website:menu": "https://www.thepagebar.com/?page_id=236",
        "wheelchair": "yes"
      },
      "geometry": {
        "type": "Point",
        "coordinates": [
          -122.4370577,
          37.7721197
        ]
      },
      "id": "node/61674029"
    },
    {
      "type": "Feature",
      "properties": {
        "@id": "node/61675193",
        "addr:city": "San Francisco",
        "addr:housenumber": "4",
        "addr:postcode": "94103",
        "addr:state": "CA",
        "addr:street": "Valencia Street",
        "amenity": "bar",
        "check_date": "2025-12-02",
        "level": "0",
        "name": "Martuni's",
        "outdoor_seating": "no",
        "phone": "+1-415-241-0205",
        "smoking": "no",
        "wikidata": "Q108821598"
      },
      "geometry": {
        "type": "Point",
        "coordinates": [
          -122.4227728,
          37.7721282
        ]
      },
      "id": "node/61675193"
    },
    {
      "type": "Feature",
      "properties": {
        "@id": "node/61676294",
        "addr:housenumber": "1601",
        "addr:postcode": "94117",
        "addr:street": "Haight Street",
        "amenity": "bar",
        "check_date": "2026-06-30",
        "level": "0",
        "name": "The Green Heron",
        "outdoor_seating": "no",
        "source": "survey",
        "wheelchair": "limited",
        "wifi": "no"
      },
      "geometry": {
        "type": "Point",
        "coordinates": [
          -122.4487116,
          37.7696815
        ]
      },
      "id": "node/61676294"
    },
    {
      "type": "Feature",
      "properties": {
        "@id": "node/61677300",
        "addr:city": "San Francisco",
        "addr:housenumber": "1398",
        "addr:postcode": "94117",
        "addr:state": "CA",
        "addr:street": "Haight Street",
        "amenity": "pub",
        "check_date": "2026-05-22",
        "level": "0",
        "name": "Magnolia SF",
        "opening_hours": "Mo-Th,Su 12:00-24:00; Fr 12:00-01:00; Sa 11:00-01:00",
        "opening_hours:kitchen": "Mo-Fr,Su 12:00-22:00; Sa 11:00-22:00",
        "wheelchair": "yes"
      },
      "geometry": {
        "type": "Point",
        "coordinates": [
          -122.4451944,
          37.7703394
        ]
      },
      "id": "node/61677300"
    },
    {
      "type": "Feature",
      "properties": {
        "@id": "node/61677421",
        "addr:housenumber": "1569",
        "addr:street": "Haight Street",
        "amenity": "pub",
        "check_date": "2026-04-12",
        "level": "0",
        "name": "The Gold Cane",
        "website": "https://goldcanesf.com/",
        "wheelchair": "yes"
      },
      "geometry": {
        "type": "Point",
        "coordinates": [
          -122.4480112,
          37.7697699
        ]
      },
      "id": "node/61677421"
    },
    {
      "type": "Feature",
      "properties": {
        "@id": "node/61678646",
        "addr:housenumber": "1437",
        "addr:street": "Haight Street",
        "amenity": "pub",
        "check_date": "2024-10-17",
        "level": "0",
        "name": "Mary's"
      },
      "geometry": {
        "type": "Point",
        "coordinates": [
          -122.4460642,
          37.7700421
        ]
      },
      "id": "node/61678646"
    },
    {
      "type": "Feature",
      "properties": {
        "@id": "node/61678786",
        "addr:housenumber": "1633",
        "addr:street": "Haight Street",
        "amenity": "pub",
        "check_date": "2026-06-30",
        "level": "0",
        "name": "Aub Zam Zam",
        "wheelchair": "yes"
      },
      "geometry": {
        "type": "Point",
        "coordinates": [
          -122.4493023,
          37.7696002
        ]
      },
      "id": "node/61678786"
    },
    {
      "type": "Feature",
      "properties": {
        "@id": "node/61690921",
        "addr:city": "San Francisco",
        "addr:housenumber": "155",
        "addr:street": "Columbus Avenue",
        "amenity": "bar",
        "indoor_seating": "yes",
        "name": "Comstock Saloon",
        "outdoor_seating": "no",
        "wheelchair": "yes",
        "wikidata": "Q5157702"
      },
      "geometry": {
        "type": "Point",
        "coordinates": [
          -122.4056426,
          37.7969638
        ]
      },
      "id": "node/61690921"
    },
    {
      "type": "Feature",
      "properties": {
        "@id": "node/61692662",
        "addr:city": "San Francisco",
        "addr:housenumber": "201",
        "addr:street": "Columbus Avenue",
        "amenity": "pub",
        "name": "Mr. Bing's"
      },
      "geometry": {
        "type": "Point",
        "coordinates": [
          -122.4058551,
          37.7971431
        ]
      },
      "id": "node/61692662"
    },
    {
      "type": "Feature",
      "properties": {
        "@id": "node/61692712",
        "addr:housenumber": "500",
        "addr:street": "Sacramento Street",
        "amenity": "pub",
        "check_date": "2024-12-17",
        "indoor_seating": "yes",
        "level": "0",
        "name": "Irish Times",
        "old_name": "Norton's Vault",
        "outdoor_seating": "yes",
        "phone": "+1 800 800 8008",
        "wheelchair": "yes"
      },
      "geometry": {
        "type": "Point",
        "coordinates": [
          -122.4015526,
          37.7940403
        ]
      },
      "id": "node/61692712"
    },
    {
      "type": "Feature",
      "properties": {
        "@id": "node/61692857",
        "amenity": "pub",
        "created_by": "Potlatch 0.10b",
        "name": "Old Ship Saloon",
        "wikidata": "Q106610881"
      },
      "geometry": {
        "type": "Point",
        "coordinates": [
          -122.4007139,
          37.7977871
        ]
      },
      "id": "node/61692857"
    },
    {
      "type": "Feature",
      "properties": {
        "@id": "way/71209436",
        "addr:city": "San Francisco",
        "addr:housenumber": "673",
        "addr:postcode": "94102",
        "addr:state": "CA",
        "addr:street": "Geary Street",
        "amenity": "bar",
        "building": "retail",
        "building:levels": "2",
        "check_date": "2023-06-20",
        "name": "Pasha",
        "@geometry": "center"
      },
      "geometry": {
        "type": "Point",
        "coordinates": [
          -122.4143462,
          37.7863892
        ]
      },
      "id": "way/71209436"
    },
    {
      "type": "Feature",
      "properties": {
        "@id": "way/71515257",
        "addr:city": "San Francisco",
        "addr:housenumber": "925",
        "addr:state": "CA",
        "addr:street": "Bush Street",
        "amenity": "bar",
        "building": "retail",
        "check_date": "2023-01-09",
        "contact:instagram": "peacekeepersf",
        "email": "hola@peacekeepersf.com",
        "name": "Peacekeeper",
        "opening_hours": "Mo-Fr 15:00+; Sa,Su 13:00+",
        "phone": "+1 415 5042502",
        "website": "https://www.peacekeepersf.com/",
        "@geometry": "center"
      },
      "geometry": {
        "type": "Point",
        "coordinates": [
          -122.4125338,
          37.7895001
        ]
      },
      "id": "way/71515257"
    },
    {
      "type": "Feature",
      "properties": {
        "@id": "way/104600008",
        "addr:city": "San Francisco",
        "addr:housenumber": "Pier 28",
        "addr:street": "Embarcadero",
        "amenity": "pub",
        "atm": "yes",
        "building": "yes",
        "check_date": "2023-06-10",
        "name": "Hi Dive",
        "phone": "+1 415-977-0170",
        "website": "https://www.hidivesf.com/",
        "wheelchair": "limited",
        "wheelchair:description": "Good for wheelchairs, bathroom might be small, patio is accessible",
        "@geometry": "center"
      },
      "geometry": {
        "type": "Point",
        "coordinates": [
          -122.3874724,
          37.7876272
        ]
      },
      "id": "way/104600008"
    },
    {
      "type": "Feature",
      "properties": {
        "@id": "way/112757637",
        "addr:city": "San Francisco",
        "addr:housenumber": "199",
        "addr:postcode": "94103",
        "addr:state": "CA",
        "addr:street": "Valencia Street",
        "amenity": "pub",
        "atm": "yes",
        "building": "yes",
        "check_date": "2026-05-10",
        "contact:facebook": "ZeitgeistSF",
        "contact:instagram": "zeitgeist_sf",
        "dog": "no",
        "drink:beer": "yes",
        "email": "info@zeitgeistsf.com",
        "food": "yes",
        "indoor_seating": "yes",
        "name": "Zeitgeist",
        "opening_hours": "Mo-We 14:00-23:00; Th 14:00-24:00; Fr 14:00-25:00; Sa 13:00-25:00; Su 13:00-21:30",
        "opening_hours:url": "http://www.zeitgeistsf.com/",
        "outdoor_seating": "yes",
        "phone": "+1 415 2557505",
        "sport": "billiards",
        "website": "http://www.zeitgeistsf.com/",
        "website:menu": "https://www.zeitgeistsf.com/menu",
        "wheelchair": "no",
        "@geometry": "center"
      },
      "geometry": {
        "type": "Point",
        "coordinates": [
          -122.4221201,
          37.7700366
        ]
      },
      "id": "way/112757637"
    },
    {
      "type": "Feature",
      "properties": {
        "@id": "way/121024973",
        "addr:housenumber": "2170",
        "addr:street": "Market Street",
        "amenity": "pub",
        "building": "commercial",
        "building:levels": "3",
        "building:levels:underground": "1",
        "building:material": "wood",
        "fixme": "This building is, and has external signage as, the Swedish American Hall. Cafe du Nord is one of multiple tenants",
        "height": "13",
        "name": "Cafe du Nord",
        "note": "Below street level, downstairs, evening events 8pm to 2am days unknown, average occupancy 150 to 200",
        "wikidata": "Q5017096",
        "@geometry": "center"
      },
      "geometry": {
        "type": "Point",
        "coordinates": [
          -122.4305217,
          37.7667003
        ]
      },
      "id": "way/121024973"
    },
    {
      "type": "Feature",
      "properties": {
        "@id": "way/132605452",
        "addr:housenumber": "365",
        "addr:street": "11th Street",
        "amenity": "bar",
        "building": "yes",
        "check_date": "2023-03-10",
        "height": "5",
        "name": "Buzzworks",
        "payment:credit_cards": "yes",
        "source": "bing",
        "website": "https://www.sfbuzzworks.com/",
        "@geometry": "center"
      },
      "geometry": {
        "type": "Point",
        "coordinates": [
          -122.4128898,
          37.771304
        ]
      },
      "id": "way/132605452"
    },
    {
      "type": "Feature",
      "properties": {
        "@id": "way/148174267",
        "addr:city": "San Francisco",
        "addr:country": "US",
        "addr:housenumber": "834",
        "addr:postcode": "94122",
        "addr:state": "CA",
        "addr:street": "Irving Street",
        "amenity": "pub",
        "building": "yes",
        "check_date": "2025-12-10",
        "name": "The Temple Bar",
        "source": "survey",
        "@geometry": "center"
      },
      "geometry": {
        "type": "Point",
        "coordinates": [
          -122.4670543,
          37.764223
        ]
      },
      "id": "way/148174267"
    },
    {
      "type": "Feature",
      "properties": {
        "@id": "way/148288778",
        "addr:city": "San Francisco",
        "addr:country": "US",
        "addr:housenumber": "575",
        "addr:postcode": "94105",
        "addr:state": "CA",
        "addr:street": "Howard Street",
        "alt_name": "South Side Spirits",
        "amenity": "pub",
        "building": "yes",
        "check_date": "2023-07-01",
        "height": "5",
        "name": "Southside Spirit House",
        "opening_hours": "Mo 16:00-21:00; Tu-Fr 16:00-23:00",
        "phone": "+1-415-543-5874",
        "source": "Bing",
        "website": "https://www.southsidesf.com/",
        "wheelchair": "yes",
        "@geometry": "center"
      },
      "geometry": {
        "type": "Point",
        "coordinates": [
          -122.3974391,
          37.7871112
        ]
      },
      "id": "way/148288778"
    },
    {
      "type": "Feature",
      "properties": {
        "@id": "way/182809251",
        "addr:housenumber": "555",
        "addr:street": "North Point Street",
        "amenity": "bar",
        "building": "yes",
        "check_date": "2023-10-10",
        "name": "Brick & Beam",
        "@geometry": "center"
      },
      "geometry": {
        "type": "Point",
        "coordinates": [
          -122.4163693,
          37.806077
        ]
      },
      "id": "way/182809251"
    },
    {
      "type": "Feature",
      "properties": {
        "@id": "way/216220336",
        "addr:city": "San Francisco",
        "addr:housenumber": "508",
        "addr:state": "CA",
        "addr:street": "4th Street",
        "amenity": "pub",
        "building": "retail",
        "building:levels": "2",
        "cocktails": "yes",
        "contact:facebook": "ThrillerSF",
        "contact:instagram": "thrillersocialclub",
        "contact:yelp": "https://www.yelp.com/biz/thriller-social-club-san-francisco",
        "drink:beer": "yes",
        "email": "thrills@thrillersocialclub.com",
        "food": "yes",
        "indoor_seating": "yes",
        "leisure": "amusement_arcade",
        "name": "Thriller Social Club",
        "opening_hours": "Mo off; Tu 16:00-22:00; We 16:00-22:30; Th 16:00-23:30; Fr 16:00-25:00; Sa 17:00-25:00; Su 14:00-20:00",
        "opening_hours:url": "https://www.thrillersocialclub.com/hours",
        "outdoor_seating": "no",
        "phone": "+1 415 706 6568",
        "website": "https://www.thrillersocialclub.com/",
        "wheelchair:description": "The first floor is wheelchair accessible. Unsure if there's an elevator for the second floor.",
        "@geometry": "center"
      },
      "geometry": {
        "type": "Point",
        "coordinates": [
          -122.3980831,
          37.7791966
        ]
      },
      "id": "way/216220336"
    },
    {
      "type": "Feature",
      "properties": {
        "@id": "way/218159534",
        "addr:city": "San Francisco",
        "addr:housenumber": "798",
        "addr:postcode": "94103",
        "addr:street": "Brannan Street",
        "amenity": "bar",
        "building": "commercial",
        "height": "6",
        "name": "Mars Bar & Restaurant",
        "phone": "+1 415 621 6277",
        "website": "http://www.marsbarsf.com/",
        "@geometry": "center"
      },
      "geometry": {
        "type": "Point",
        "coordinates": [
          -122.4032439,
          37.7733103
        ]
      },
      "id": "way/218159534"
    },
    {
      "type": "Feature",
      "properties": {
        "@id": "way/223616923",
        "addr:city": "San Francisco",
        "addr:housenumber": "1725",
        "addr:postcode": "94117",
        "addr:state": "CA",
        "addr:street": "Haight Street",
        "amenity": "bar",
        "building": "yes",
        "check_date": "2025-12-11",
        "name": "The Alembic",
        "name:zh": "蒸馏器餐厅",
        "opening_hours": "Mo-Tu off; We-Sa 16:00-24:00; Su 14:00-22:00",
        "opening_hours:kitchen": "We-Sa 16:00-22:00; Su 15:00-21:00",
        "outdoor_seating": "yes",
        "phone": "+1 415-666-0822",
        "reservation": "no",
        "source": "Bing;survey",
        "wheelchair": "yes",
        "@geometry": "center"
      },
      "geometry": {
        "type": "Point",
        "coordinates": [
          -122.4511302,
          37.769271
        ]
      },
      "id": "way/223616923"
    },
    {
      "type": "Feature",
      "properties": {
        "@id": "way/228247742",
        "addr:housenumber": "1840",
        "addr:street": "Haight Street",
        "amenity": "pub",
        "building": "yes",
        "check_date": "2026-02-15",
        "height": "6",
        "name": "O'Reillys Pub",
        "source": "survey",
        "theme": "irish",
        "wheelchair": "yes",
        "@geometry": "center"
      },
      "geometry": {
        "type": "Point",
        "coordinates": [
          -122.4526159,
          37.7695111
        ]
      },
      "id": "way/228247742"
    },
    {
      "type": "Feature",
      "properties": {
        "@id": "way/256710553",
        "addr:housenumber": "2124;2126",
        "addr:postcode": "94114",
        "addr:street": "Market Street",
        "amenity": "pub",
        "building": "apartments",
        "building:levels": "3",
        "building:material": "masonry;wood",
        "check_date": "2025-06-09",
        "height": "11",
        "name": "Blackbird",
        "note": "Average occupancy in Blackbird Th- Sat eve. 50",
        "@geometry": "center"
      },
      "geometry": {
        "type": "Point",
        "coordinates": [
          -122.4296872,
          37.7673412
        ]
      },
      "id": "way/256710553"
    },
    {
      "type": "Feature",
      "properties": {
        "@id": "way/260152109",
        "addr:housenumber": "2323",
        "addr:postcode": "94110",
        "addr:street": "Mission Street",
        "amenity": "bar",
        "building": "yes",
        "check_date": "2025-05-25",
        "contact:facebook": "teeth2323",
        "email": "teethsf2323@gmail.com",
        "food": "yes",
        "height": "8",
        "name": "Teeth",
        "old_name": "Dr. Teeth and the Electric Mayhem",
        "opening_hours": "Mo-Th 16:00-22:00; Fr 14:00-23:00; Sa 11:00-23:00; Su 09:45-21:00",
        "opening_hours:url": "https://teethbarsf.com/",
        "phone": "+1 415 2852380",
        "website": "https://teethbarsf.com/",
        "wheelchair": "yes",
        "@geometry": "center"
      },
      "geometry": {
        "type": "Point",
        "coordinates": [
          -122.4189763,
          37.759867
        ]
      },
      "id": "way/260152109"
    },
    {
      "type": "Feature",
      "properties": {
        "@id": "way/260241908",
        "addr:city": "San Francisco",
        "addr:housenumber": "1015",
        "addr:postcode": "94103",
        "addr:state": "CA",
        "addr:street": "Folsom Street",
        "amenity": "bar",
        "building": "commercial",
        "check_date": "2024-03-31",
        "name": "1015 Folsom",
        "website": "https://www.1015.com/",
        "@geometry": "center"
      },
      "geometry": {
        "type": "Point",
        "coordinates": [
          -122.4056995,
          37.7780519
        ]
      },
      "id": "way/260241908"
    },
    {
      "type": "Feature",
      "properties": {
        "@id": "way/260322174",
        "addr:city": "San Francisco",
        "addr:housenumber": "500",
        "addr:postcode": "94110",
        "addr:state": "CA",
        "addr:street": "Guerrero Street",
        "amenity": "bar",
        "building": "yes",
        "check_date": "2023-02-04",
        "height": "8",
        "name": "500 Club",
        "phone": "+1 415 8612500",
        "smoking": "no",
        "@geometry": "center"
      },
      "geometry": {
        "type": "Point",
        "coordinates": [
          -122.4241568,
          37.7630225
        ]
      },
      "id": "way/260322174"
    },
    {
      "type": "Feature",
      "properties": {
        "@id": "way/260973325",
        "addr:city": "San Francisco",
        "addr:housenumber": "280",
        "addr:postcode": "94103",
        "addr:state": "CA",
        "addr:street": "14th Street",
        "amenity": "pub",
        "building": "yes",
        "check_date": "2026-01-24",
        "contact:facebook": "standarddeviantbrewing",
        "contact:instagram": "standarddeviantbrewing",
        "craft": "brewery",
        "email": "info@standarddeviantbrewing.com",
        "height": "6",
        "microbrewery": "yes",
        "name": "Standard Deviant",
        "note": "outdoor seating is a covid parklet",
        "opening_hours": "Tu-We 16:00-21:00; Th 16:00-22:00; Fr 15:00-24:00; Sa 12:00-24:00; Su 10:00-20:00",
        "opening_hours:url": "https://www.standarddeviantbrewing.com/",
        "outdoor_seating": "yes",
        "phone": "+1 415 5902550",
        "website": "https://www.standarddeviantbrewing.com/",
        "website:menu": "https://www.standarddeviantbrewing.com/ontap",
        "wheelchair": "no",
        "@geometry": "center"
      },
      "geometry": {
        "type": "Point",
        "coordinates": [
          -122.4194787,
          37.768506
        ]
      },
      "id": "way/260973325"
    },
    {
      "type": "Feature",
      "properties": {
        "@id": "way/262397366",
        "addr:housenumber": "2940;2942",
        "addr:street": "Lyon Street",
        "amenity": "pub",
        "building": "yes",
        "name": "Liverpool Lil's",
        "@geometry": "center"
      },
      "geometry": {
        "type": "Point",
        "coordinates": [
          -122.4470322,
          37.7982045
        ]
      },
      "id": "way/262397366"
    },
    {
      "type": "Feature",
      "properties": {
        "@id": "way/263264445",
        "addr:city": "San Francisco",
        "addr:housenumber": "1787",
        "addr:postcode": "94123",
        "addr:street": "Union Street",
        "amenity": "bar",
        "building": "yes",
        "email": "info@brickyardsf.com",
        "height": "6",
        "name": "The Brick Yard",
        "phone": "+1 415 4004712",
        "website": "https://brickyardsf.com/",
        "@geometry": "center"
      },
      "geometry": {
        "type": "Point",
        "coordinates": [
          -122.4286121,
          37.7977877
        ]
      },
      "id": "way/263264445"
    },
    {
      "type": "Feature",
      "properties": {
        "@id": "way/264254814",
        "addr:housenumber": "401",
        "addr:street": "Keith Street",
        "amenity": "bar",
        "building": "yes",
        "craft": "brewery",
        "height": "7",
        "name": "Speakeasy Ales & Lagers",
        "@geometry": "center"
      },
      "geometry": {
        "type": "Point",
        "coordinates": [
          -122.3806424,
          37.7381455
        ]
      },
      "id": "way/264254814"
    },
    {
      "type": "Feature",
      "properties": {
        "@id": "way/264371921",
        "addr:housenumber": "1568",
        "addr:street": "Haight Street",
        "amenity": "pub",
        "building": "yes",
        "check_date": "2026-02-14",
        "height": "7",
        "name": "The Mad Dog in the Fog",
        "opening_hours": "Mo-Sa 00:00-02:00,11:00-24:00; Su 00:00-02:00,09:00-24:00",
        "website": "https://www.facebook.com/michaelcollinshaight/",
        "wheelchair": "yes",
        "@geometry": "center"
      },
      "geometry": {
        "type": "Point",
        "coordinates": [
          -122.4481316,
          37.7701402
        ]
      },
      "id": "way/264371921"
    },
    {
      "type": "Feature",
      "properties": {
        "@id": "node/265506505",
        "addr:housenumber": "2800",
        "addr:street": "24th Street",
        "amenity": "pub",
        "brewery": "yes",
        "check_date": "2023-02-11",
        "description": "Neighborhood watering hole.",
        "min_age": "21",
        "name": "Pops",
        "opening_hours": "06:00-02:00",
        "outdoor_seating": "yes",
        "smoking": "outside",
        "website": "https://www.popssf.com/",
        "wheelchair": "yes"
      },
      "geometry": {
        "type": "Point",
        "coordinates": [
          -122.4083499,
          37.7529503
        ]
      },
      "id": "node/265506505"
    },
    {
      "type": "Feature",
      "properties": {
        "@id": "way/267055246",
        "addr:city": "San Francisco",
        "addr:floor": "1",
        "addr:housenumber": "1326",
        "addr:state": "CA",
        "addr:street": "9th Avenue",
        "amenity": "pub",
        "building": "yes",
        "check_date": "2026-07-14",
        "cuisine": "pizza;sandwich;salad",
        "diet:fish": "yes",
        "diet:meat": "yes",
        "diet:vegetarian": "yes",
        "level": "0",
        "name": "Maggie & Mac's",
        "smoking": "no",
        "wheelchair": "yes",
        "@geometry": "center"
      },
      "geometry": {
        "type": "Point",
        "coordinates": [
          -122.4660662,
          37.7635041
        ]
      },
      "id": "way/267055246"
    },
    {
      "type": "Feature",
      "properties": {
        "@id": "way/267242909",
        "addr:city": "San Francisco",
        "addr:housenumber": "1233",
        "addr:postcode": "94107",
        "addr:state": "CA",
        "addr:street": "17th Street",
        "amenity": "bar",
        "building": "yes",
        "building:levels": "2",
        "height": "8",
        "name": "Bottom of the Hill",
        "outdoor_seating": "yes",
        "phone": "+1-415-626-4455",
        "website": "https://bottomofthehill.com/",
        "wikidata": "Q4949139",
        "@geometry": "center"
      },
      "geometry": {
        "type": "Point",
        "coordinates": [
          -122.3964114,
          37.7649251
        ]
      },
      "id": "way/267242909"
    },
    {
      "type": "Feature",
      "properties": {
        "@id": "way/271460262",
        "addr:housenumber": "3441",
        "addr:street": "Mission Street",
        "amenity": "bar",
        "building": "yes",
        "name": "Tikal Bar",
        "@geometry": "center"
      },
      "geometry": {
        "type": "Point",
        "coordinates": [
          -122.4222635,
          37.7415466
        ]
      },
      "id": "way/271460262"
    },
    {
      "type": "Feature",
      "properties": {
        "@id": "way/272564476",
        "addr:city": "San Francisco",
        "addr:housenumber": "453",
        "addr:postcode": "94110",
        "addr:state": "CA",
        "addr:street": "Cortland Avenue",
        "amenity": "bar",
        "building": "yes",
        "height": "4",
        "name": "Lucky Horseshoe",
        "outdoor_seating": "no",
        "sport": "billiards",
        "@geometry": "center"
      },
      "geometry": {
        "type": "Point",
        "coordinates": [
          -122.4167805,
          37.7392653
        ]
      },
      "id": "way/272564476"
    },
    {
      "type": "Feature",
      "properties": {
        "@id": "way/272647185",
        "addr:housenumber": "2138;2142;2144;2146",
        "addr:street": "Chestnut Street",
        "amenity": "bar",
        "building": "yes",
        "check_date": "2023-01-03",
        "fixme": "Move to separate node",
        "height": "7",
        "name": "Marina Lounge",
        "@geometry": "center"
      },
      "geometry": {
        "type": "Point",
        "coordinates": [
          -122.4386959,
          37.8007274
        ]
      },
      "id": "way/272647185"
    },
    {
      "type": "Feature",
      "properties": {
        "@id": "way/273520672",
        "addr:housenumber": "3776",
        "addr:street": "Mission Street",
        "amenity": "bar",
        "building": "yes",
        "description": "La Casa Del Club Jalisco",
        "name": "Tip Top",
        "@geometry": "center"
      },
      "geometry": {
        "type": "Point",
        "coordinates": [
          -122.424556,
          37.7364012
        ]
      },
      "id": "way/273520672"
    },
    {
      "type": "Feature",
      "properties": {
        "@id": "node/275723361",
        "addr:city": "San Francisco",
        "addr:housenumber": "3160",
        "addr:postcode": "94103",
        "addr:state": "CA",
        "addr:street": "16th Street",
        "amenity": "pub",
        "atm": "yes",
        "contact:facebook": "https://www.facebook.com/429536737223693",
        "contact:instagram": "https://www.instagram.com/Kilowattkid",
        "contact:twitter": "https://twitter.com/Kilowatt_Bar",
        "email": "kilowattsf@gmail.com",
        "name": "Kilowatt",
        "opening_hours": "Mo-Fr 17:00-02:00; Sa-Su 15:00-02:00",
        "phone": "+1 415 861 2595",
        "sport": "billiards",
        "website": "https://kilowattbar.com/"
      },
      "geometry": {
        "type": "Point",
        "coordinates": [
          -122.4232405,
          37.7649743
        ]
      },
      "id": "node/275723361"
    },
    {
      "type": "Feature",
      "properties": {
        "@id": "way/276641699",
        "addr:city": "San Francisco",
        "addr:housenumber": "2328",
        "addr:postcode": "94122",
        "addr:street": "Irving Street",
        "amenity": "pub",
        "building": "yes",
        "check_date": "2025-07-21",
        "cuisine": "pub",
        "height": "5",
        "name": "Durty Nelly's",
        "phone": "+1-415-664-2555",
        "source": "local_knowledge",
        "wheelchair": "yes",
        "wifi": "no",
        "@geometry": "center"
      },
      "geometry": {
        "type": "Point",
        "coordinates": [
          -122.4830368,
          37.7634848
        ]
      },
      "id": "way/276641699"
    },
    {
      "type": "Feature",
      "properties": {
        "@id": "node/281652933",
        "addr:city": "San Francisco",
        "addr:housenumber": "3349",
        "addr:postcode": "94110",
        "addr:state": "CA",
        "addr:street": "20th Street",
        "amenity": "pub",
        "check_date": "2024-07-01",
        "name": "Shotwell's",
        "phone": "+1-415-648-4104"
      },
      "geometry": {
        "type": "Point",
        "coordinates": [
          -122.4156655,
          37.7587423
        ]
      },
      "id": "node/281652933"
    },
    {
      "type": "Feature",
      "properties": {
        "@id": "node/281652962",
        "addr:housenumber": "2424",
        "addr:postcode": "94110",
        "addr:street": "Mariposa Street",
        "amenity": "pub",
        "name": "Verdi Club",
        "phone": "+1-415-861-9199",
        "website": "https://www.verdiclub.net/"
      },
      "geometry": {
        "type": "Point",
        "coordinates": [
          -122.4079125,
          37.7632862
        ]
      },
      "id": "node/281652962"
    },
    {
      "type": "Feature",
      "properties": {
        "@id": "way/287411301",
        "addr:housenumber": "3625",
        "addr:postcode": "94121",
        "addr:street": "Balboa Street",
        "amenity": "bar",
        "building": "yes",
        "check_date": "2023-05-14",
        "height": "7",
        "level": "0",
        "name": "Hockey Haven",
        "outdoor_seating": "yes",
        "start_date": "1949",
        "@geometry": "center"
      },
      "geometry": {
        "type": "Point",
        "coordinates": [
          -122.4977993,
          37.775504
        ]
      },
      "id": "way/287411301"
    },
    {
      "type": "Feature",
      "properties": {
        "@id": "way/287720563",
        "addr:city": "San Francisco",
        "addr:country": "US",
        "addr:housenumber": "3639",
        "addr:postcode": "94116",
        "addr:state": "CA",
        "addr:street": "Taraval Street",
        "amenity": "bar",
        "building": "yes",
        "happy_hours": "Mo-Fr 16:00 - 19:00",
        "live_music": "Sa, Su",
        "name": "The Riptide",
        "opening_hours": "16:00-02:00",
        "website": "https://www.riptidesf.com/",
        "@geometry": "center"
      },
      "geometry": {
        "type": "Point",
        "coordinates": [
          -122.5053439,
          37.7415771
        ]
      },
      "id": "way/287720563"
    },
    {
      "type": "Feature",
      "properties": {
        "@id": "way/288538918",
        "addr:city": "San Francisco",
        "addr:country": "US",
        "addr:housenumber": "1439",
        "addr:postcode": "94116",
        "addr:state": "CA",
        "addr:street": "Taraval Street",
        "amenity": "bar",
        "building": "yes",
        "height": "6",
        "name": "Lost & Found",
        "opening_hours": "Mo-Th 17:00-01:00; Fr-Sa 17:00-02:00; Su 12:00-01:00",
        "@geometry": "center"
      },
      "geometry": {
        "type": "Point",
        "coordinates": [
          -122.481746,
          37.742562
        ]
      },
      "id": "way/288538918"
    },
    {
      "type": "Feature",
      "properties": {
        "@id": "node/295082904",
        "addr:city": "San Francisco",
        "addr:housenumber": "3200",
        "addr:state": "CA",
        "addr:street": "16th Street",
        "alt_name": "Elixir Saloon",
        "amenity": "pub",
        "check_date": "2023-02-04",
        "contact:facebook": "elixirsaloon",
        "contact:instagram": "elixirsf",
        "contact:twitter": "ElixirSF",
        "contact:yelp": "https://www.yelp.com/biz/elixir-san-francisco",
        "description": "A historic saloon and whiskey bar",
        "email": "info@elixirsf.com",
        "happy_hours": "Mo-Fr 16:00-19:00",
        "name": "Elixir",
        "opening_hours": "Mo-We 16:00-22:00+; Th,Fr 16:00-26:00; Sa 12:00-26:00; Su 14:00-22:00+",
        "opening_hours:url": "https://www.elixirsf.com/",
        "phone": "+1 415 5521633",
        "start_date": "1858",
        "url": "https://menu.smarttab.com/elixirsf/1/",
        "website": "https://www.elixirsf.com/"
      },
      "geometry": {
        "type": "Point",
        "coordinates": [
          -122.4243046,
          37.7649242
        ]
      },
      "id": "node/295082904"
    },
    {
      "type": "Feature",
      "properties": {
        "@id": "node/302448211",
        "addr:housenumber": "3121",
        "addr:street": "16th Street",
        "amenity": "pub",
        "check_date": "2023-11-08",
        "name": "Dalva"
      },
      "geometry": {
        "type": "Point",
        "coordinates": [
          -122.4224623,
          37.7647708
        ]
      },
      "id": "node/302448211"
    },
    {
      "type": "Feature",
      "properties": {
        "@id": "node/317081666",
        "amenity": "bar",
        "name": "John Foley's Dueling Piano Bar"
      },
      "geometry": {
        "type": "Point",
        "coordinates": [
          -122.4086732,
          37.7862572
        ]
      },
      "id": "node/317081666"
    },
    {
      "type": "Feature",
      "properties": {
        "@id": "node/317124810",
        "addr:housenumber": "600",
        "addr:postcode": "94107",
        "addr:street": "3rd Street",
        "amenity": "pub",
        "name": "Local Tap",
        "phone": "+1 415 814 2257",
        "website": "https://www.localtapsf.com/"
      },
      "geometry": {
        "type": "Point",
        "coordinates": [
          -122.394321,
          37.779906
        ]
      },
      "id": "node/317124810"
    },
    {
      "type": "Feature",
      "properties": {
        "@id": "node/344975908",
        "addr:housenumber": "563",
        "addr:postcode": "94107",
        "addr:street": "2nd Street",
        "amenity": "pub",
        "check_date": "2026-04-26",
        "internet_access": "no",
        "microbrewery": "yes",
        "name": "21st Amendment Brewery",
        "phone": "+1 415-369-0900",
        "website": "https://21st-amendment.com/",
        "wikidata": "Q4631029"
      },
      "geometry": {
        "type": "Point",
        "coordinates": [
          -122.3925769,
          37.782448
        ]
      },
      "id": "node/344975908"
    },
    {
      "type": "Feature",
      "properties": {
        "@id": "node/346585378",
        "addr:city": "San Francisco",
        "addr:housenumber": "431",
        "addr:postcode": "94103",
        "addr:state": "CA",
        "addr:street": "Natoma Street",
        "amenity": "pub",
        "contact:facebook": "TempestBar",
        "contact:instagram": "tempestbarandbox",
        "drink:beer": "yes",
        "email": "tonypours@gmail.com",
        "food": "yes",
        "name": "Tempest",
        "opening_hours": "Mo-Fr 11:30-26:00; Sa, Su 12:00-26:00",
        "opening_hours:url": "https://www.pourguys.com/tempest-box-quarantine-cuisine",
        "phone": "+1 415 4951863",
        "sport": "billiards",
        "website": "https://www.pourguys.com/"
      },
      "geometry": {
        "type": "Point",
        "coordinates": [
          -122.4062574,
          37.7812256
        ]
      },
      "id": "node/346585378"
    },
    {
      "type": "Feature",
      "properties": {
        "@id": "node/366710420",
        "addr:housenumber": "12",
        "addr:street": "Saroyan Place",
        "alt_name": "Specs' Twelve Adler Museum Cafe",
        "amenity": "pub",
        "name": "Specs Bar"
      },
      "geometry": {
        "type": "Point",
        "coordinates": [
          -122.40599,
          37.7976427
        ]
      },
      "id": "node/366710420"
    },
    {
      "type": "Feature",
      "properties": {
        "@id": "node/366711368",
        "addr:housenumber": "242",
        "addr:street": "Columbus Avenue",
        "amenity": "pub",
        "check_date": "2026-07-30",
        "name": "Cafe Tosca",
        "name:zh": "托斯卡咖啡厅"
      },
      "geometry": {
        "type": "Point",
        "coordinates": [
          -122.4059615,
          37.7975454
        ]
      },
      "id": "node/366711368"
    },
    {
      "type": "Feature",
      "properties": {
        "@id": "node/366713190",
        "addr:housenumber": "15",
        "addr:street": "Romolo Place",
        "amenity": "pub",
        "name": "15 Romolo",
        "note": "Known for cocktails, but they serve good food until 1am most nights.",
        "opening_hours": "Mo-Fr 17:00-02:00; Sa-Su 12:00-02:00",
        "phone": "+1 415 398 1359",
        "website": "https://www.15romolo.com/"
      },
      "geometry": {
        "type": "Point",
        "coordinates": [
          -122.4063692,
          37.7982178
        ]
      },
      "id": "node/366713190"
    },
    {
      "type": "Feature",
      "properties": {
        "@id": "node/366722014",
        "addr:housenumber": "1371",
        "addr:street": "Grant Avenue",
        "amenity": "pub",
        "name": "Grant and Green"
      },
      "geometry": {
        "type": "Point",
        "coordinates": [
          -122.4074738,
          37.7995962
        ]
      },
      "id": "node/366722014"
    },
    {
      "type": "Feature",
      "properties": {
        "@id": "node/366723406",
        "addr:housenumber": "1609",
        "addr:street": "Powell Street",
        "amenity": "pub",
        "name": "The Boardroom"
      },
      "geometry": {
        "type": "Point",
        "coordinates": [
          -122.4105373,
          37.7994533
        ]
      },
      "id": "node/366723406"
    },
    {
      "type": "Feature",
      "properties": {
        "@id": "node/370196794",
        "amenity": "pub",
        "name": "Custom Lounge"
      },
      "geometry": {
        "type": "Point",
        "coordinates": [
          -122.409904,
          37.7786408
        ]
      },
      "id": "node/370196794"
    },
    {
      "type": "Feature",
      "properties": {
        "@id": "node/371007095",
        "addr:city": "San Francisco",
        "addr:housenumber": "850",
        "addr:postcode": "94133",
        "addr:state": "CA",
        "addr:street": "Montgomery Street",
        "alt_name": "Cigar Bar & Grill",
        "amenity": "pub",
        "cocktails": "yes",
        "contact:facebook": "cigarbarsf",
        "contact:instagram": "cigarbar_sf",
        "cuisine": "spanish;burger",
        "dance:style": "salsa",
        "drink:beer": "yes",
        "drink:wine": "yes",
        "fixme": "Hours are temporary",
        "food": "yes",
        "leisure": "dance",
        "live_music": "yes",
        "name": "Cigar Bar",
        "opening_hours": "We-Fr 17:30-26:00; Sa 18:00-26:00; Su 19:00-24:00; Mo,Tu off",
        "opening_hours:url": "https://www.cigarbarandgrill.com/location/cigar-bar-and-grill/",
        "outdoor_seating": "yes",
        "phone": "+1 415 3980850",
        "website": "https://www.cigarbarandgrill.com/",
        "website:calendar": "https://www.cigarbarandgrill.com/events/",
        "website:menu": "https://www.cigarbarandgrill.com/menus/",
        "wheelchair": "yes"
      },
      "geometry": {
        "type": "Point",
        "coordinates": [
          -122.4034628,
          37.7970564
        ]
      },
      "id": "node/371007095"
    },
    {
      "type": "Feature",
      "properties": {
        "@id": "node/371025500",
        "addr:housenumber": "601",
        "addr:street": "Bush Street",
        "amenity": "pub",
        "check_date": "2025-04-17",
        "check_date:opening_hours": "2025-04-17",
        "indoor_seating": "yes",
        "name": "Tunnel Top",
        "opening_hours": "Mo-Su,PH 16:00-02:00",
        "outdoor_seating": "sidewalk",
        "toilets": "yes",
        "toilets:wheelchair": "limited",
        "wheelchair": "limited"
      },
      "geometry": {
        "type": "Point",
        "coordinates": [
          -122.4072909,
          37.7902413
        ]
      },
      "id": "node/371025500"
    },
    {
      "type": "Feature",
      "properties": {
        "@id": "node/371251931",
        "addr:housenumber": "1040",
        "addr:street": "Columbus Avenue",
        "amenity": "pub",
        "cuisine": "indian",
        "name": "Kennedy's Irish Pub & Curry House",
        "website": "https://www.kennedyscurry.com/"
      },
      "geometry": {
        "type": "Point",
        "coordinates": [
          -122.4153272,
          37.8041003
        ]
      },
      "id": "node/371251931"
    },
    {
      "type": "Feature",
      "properties": {
        "@id": "way/376761568",
        "addr:city": "San Francisco",
        "addr:housenumber": "770",
        "addr:postcode": "94117",
        "addr:street": "Stanyan Street",
        "amenity": "pub",
        "building": "yes",
        "building:levels": "1",
        "check_date": "2026-04-15",
        "microbrewery": "no",
        "name": "The Kezar Pub",
        "opening_hours": "Mo-Th 11:30-24:00; Fr 11:30-02:00; Sa 06:00-02:00; Su 06:00-24:00",
        "outdoor_seating": "yes",
        "source": "survey",
        "toilets": "yes",
        "wheelchair": "yes",
        "@geometry": "center"
      },
      "geometry": {
        "type": "Point",
        "coordinates": [
          -122.4529646,
          37.7678819
        ]
      },
      "id": "way/376761568"
    },
    {
      "type": "Feature",
      "properties": {
        "@id": "node/378440021",
        "addr:city": "San Francisco",
        "addr:housenumber": "3174",
        "addr:postcode": "94103",
        "addr:state": "CA",
        "addr:street": "16th Street",
        "amenity": "bar",
        "cocktails": "yes",
        "contact:instagram": "abvsf",
        "drink:beer": "yes",
        "email": "info@abvsf.com",
        "food": "yes",
        "name": "ABV",
        "note": "Outdoor seating is a Covid19 parklet",
        "opening_hours": "Mo-Su 16:00-26:00",
        "opening_hours:kitchen": "Mo-Su 16:00-24:00",
        "opening_hours:url": "https://www.abvsf.com/",
        "outdoor_seating": "yes",
        "phone": "+1 415 4004748",
        "reservation": "no",
        "website": "https://www.abvsf.com/",
        "wheelchair": "yes"
      },
      "geometry": {
        "type": "Point",
        "coordinates": [
          -122.4235379,
          37.7649457
        ]
      },
      "id": "node/378440021"
    },
    {
      "type": "Feature",
      "properties": {
        "@id": "node/381972334",
        "addr:city": "San Francisco",
        "addr:housenumber": "998",
        "addr:postcode": "94109",
        "addr:state": "CA",
        "addr:street": "Sutter Street",
        "amenity": "pub",
        "check_date": "2023-02-02",
        "name": "Aces",
        "opening_hours": "Mo-Fr 12:00-02:00, Sa,Su 10:00-02:00",
        "wheelchair": "yes"
      },
      "geometry": {
        "type": "Point",
        "coordinates": [
          -122.416671,
          37.7883091
        ]
      },
      "id": "node/381972334"
    },
    {
      "type": "Feature",
      "properties": {
        "@id": "node/388205890",
        "amenity": "pub",
        "check_date": "2023-12-16",
        "name": "Buena Vista",
        "name:en": "Buena Vista",
        "opening_hours": "Mo-Fr 09:00-02:00; Sa-Su 08:00-02:00",
        "wikidata": "Q4985436"
      },
      "geometry": {
        "type": "Point",
        "coordinates": [
          -122.4207744,
          37.8065169
        ]
      },
      "id": "node/388205890"
    },
    {
      "type": "Feature",
      "properties": {
        "@id": "node/412087372",
        "addr:city": "San Francisco",
        "addr:housenumber": "2360",
        "addr:street": "Polk Street",
        "amenity": "pub",
        "name": "Tonic",
        "opening_hours": "17:00-02:00",
        "source": "survey",
        "website": "https://tonicbar-sf.com/"
      },
      "geometry": {
        "type": "Point",
        "coordinates": [
          -122.4221753,
          37.7986951
        ]
      },
      "id": "node/412087372"
    },
    {
      "type": "Feature",
      "properties": {
        "@id": "node/412089163",
        "addr:city": "San Francisco",
        "addr:street": "Polk Street",
        "amenity": "pub",
        "name": "The Royal Oak"
      },
      "geometry": {
        "type": "Point",
        "coordinates": [
          -122.4221958,
          37.7970245
        ]
      },
      "id": "node/412089163"
    },
    {
      "type": "Feature",
      "properties": {
        "@id": "node/412103360",
        "addr:city": "San Francisco",
        "amenity": "pub",
        "name": "Shanghai Kelly's",
        "source": "survey"
      },
      "geometry": {
        "type": "Point",
        "coordinates": [
          -122.4216053,
          37.7958344
        ]
      },
      "id": "node/412103360"
    },
    {
      "type": "Feature",
      "properties": {
        "@id": "node/412109202",
        "addr:city": "San Francisco",
        "addr:housenumber": "1695",
        "addr:postcode": "94109",
        "addr:street": "Polk Street",
        "amenity": "pub",
        "check_date": "2023-01-13",
        "name": "Harper & Rye",
        "source": "survey"
      },
      "geometry": {
        "type": "Point",
        "coordinates": [
          -122.421214,
          37.7922403
        ]
      },
      "id": "node/412109202"
    },
    {
      "type": "Feature",
      "properties": {
        "@id": "node/418540495",
        "addr:housenumber": "561",
        "addr:street": "Geary Street",
        "amenity": "bar",
        "name": "Swig",
        "opening_hours": "Th 16:30-24:00; Fr 16:30-26:00; Sa 18:00-26:00; Su 16:30-24:00",
        "opening_hours:url": "http://www.swig-bar.com/directions.php",
        "phone": "+1 415 9317292",
        "website": "http://www.swig-bar.com/"
      },
      "geometry": {
        "type": "Point",
        "coordinates": [
          -122.4125033,
          37.7867153
        ]
      },
      "id": "node/418540495"
    },
    {
      "type": "Feature",
      "properties": {
        "@id": "node/440106745",
        "addr:city": "San Francisco",
        "addr:housenumber": "562",
        "addr:postcode": "94133",
        "addr:state": "CA",
        "addr:street": "Green Street",
        "amenity": "bar",
        "check_date": "2022-01-02",
        "name": "Columbus Cafe",
        "opening_hours": "Mo-Fr 14:00-26:00; Sa,Su 12:00-26:00",
        "phone": "+1 415 2742599",
        "sport": "billiards",
        "website": "https://www.columbuscafesf.com/"
      },
      "geometry": {
        "type": "Point",
        "coordinates": [
          -122.4084174,
          37.7997072
        ]
      },
      "id": "node/440106745"
    },
    {
      "type": "Feature",
      "properties": {
        "@id": "node/479491671",
        "addr:city": "San Francisco",
        "addr:housenumber": "39",
        "addr:postcode": "94105",
        "addr:state": "CA",
        "addr:street": "New Montgomery Street",
        "amenity": "bar",
        "check_date": "2022-10-15",
        "name": "House of Shields",
        "opening_hours": "Mo-Fr 14:00-02:00; Sa,Su 15:00-02:00",
        "outdoor_seating": "no",
        "phone": "+1 415-975-8651",
        "smoking": "no",
        "website": "https://www.thehouseofshields.com/"
      },
      "geometry": {
        "type": "Point",
        "coordinates": [
          -122.4012873,
          37.7882367
        ]
      },
      "id": "node/479491671"
    },
    {
      "type": "Feature",
      "properties": {
        "@id": "node/528511748",
        "addr:housenumber": "3141",
        "addr:street": "16th Street",
        "amenity": "pub",
        "check_date": "2023-11-08",
        "name": "Delirium"
      },
      "geometry": {
        "type": "Point",
        "coordinates": [
          -122.4227284,
          37.764764
        ]
      },
      "id": "node/528511748"
    },
    {
      "type": "Feature",
      "properties": {
        "@id": "node/529771968",
        "addr:city": "San Francisco",
        "addr:housenumber": "1900",
        "addr:postcode": "94102",
        "addr:street": "Market Street",
        "amenity": "bar",
        "check_date": "2026-05-14",
        "contact:instagram": "theorbitroom",
        "email": "booking@orbitroomsf.com",
        "level": "0",
        "name": "The Orbit Room",
        "opening_hours": "Mo-Su 16:00+",
        "opening_hours:url": "https://www.orbitroomsf.com/",
        "phone": "+1 415 9326655",
        "website": "https://www.orbitroomsf.com/",
        "wheelchair": "yes"
      },
      "geometry": {
        "type": "Point",
        "coordinates": [
          -122.4252744,
          37.7706731
        ]
      },
      "id": "node/529771968"
    },
    {
      "type": "Feature",
      "properties": {
        "@id": "node/529777817",
        "addr:city": "San Francisco",
        "addr:housenumber": "501",
        "addr:postcode": "94102",
        "addr:state": "CA",
        "addr:street": "Jones Street",
        "alt_name": "Anti Saloon League",
        "amenity": "bar",
        "cocktails": "yes",
        "contact:facebook": "bourbonandbranch",
        "contact:instagram": "bourbonandbranchsf",
        "name": "Bourbon and Branch",
        "opening_hours": "Su,Mo-We 18:00-24:00; Th-Sa 18:00-26:00",
        "opening_hours:url": "https://www.bourbonandbranch.com/",
        "phone": "+1 415 3461735",
        "reservation": "required",
        "website": "https://www.bourbonandbranch.com/"
      },
      "geometry": {
        "type": "Point",
        "coordinates": [
          -122.4131628,
          37.785912
        ]
      },
      "id": "node/529777817"
    },
    {
      "type": "Feature",
      "properties": {
        "@id": "node/582779493",
        "addr:housenumber": "1401",
        "addr:street": "Valencia Street",
        "amenity": "bar",
        "check_date": "2026-06-26",
        "check_date:opening_hours": "2025-03-06",
        "level": "0",
        "name": "Clooney's Pub",
        "opening_hours": "Mo-Su 06:00-02:00",
        "wheelchair": "yes"
      },
      "geometry": {
        "type": "Point",
        "coordinates": [
          -122.4203499,
          37.7504256
        ]
      },
      "id": "node/582779493"
    },
    {
      "type": "Feature",
      "properties": {
        "@id": "node/582781745",
        "addr:housenumber": "1498",
        "addr:street": "Valencia Street",
        "amenity": "bar",
        "check_date": "2026-03-02",
        "name": "Dovre Club",
        "name:en": "Dovre Club",
        "opening_hours": "Mo-Su 14:00-02:00"
      },
      "geometry": {
        "type": "Point",
        "coordinates": [
          -122.4205203,
          37.7489951
        ]
      },
      "id": "node/582781745"
    },
    {
      "type": "Feature",
      "properties": {
        "@id": "node/610183472",
        "addr:housenumber": "3848",
        "addr:street": "Geary Boulevard",
        "amenity": "pub",
        "name": "Buckshot"
      },
      "geometry": {
        "type": "Point",
        "coordinates": [
          -122.4607762,
          37.7813625
        ]
      },
      "id": "node/610183472"
    },
    {
      "type": "Feature",
      "properties": {
        "@id": "node/621179351",
        "addr:city": "San Francisco",
        "addr:country": "US",
        "addr:housenumber": "198",
        "addr:postcode": "94103",
        "addr:state": "CA",
        "addr:street": "5th Street",
        "amenity": "pub",
        "check_date": "2024-11-16",
        "contact:facebook": "chieftainirishpubsf",
        "contact:instagram": "Chieftainpubsf",
        "contact:tripadvisor": "https://www.tripadvisor.com/Restaurant_Review-g60713-d537705-Reviews-The_Chieftain_Irish_Pub_Restaurant-San_Francisco_California.html",
        "contact:twitter": "ChieftainPubSF",
        "cuisine": "burger;wings;fish_and_chips;irish",
        "email": "info@thechieftain.com",
        "food": "yes",
        "name": "The Chieftain Irish Pub & Restaurant",
        "opening_hours": "Mo-Th,Su 16:00-25:30; Fr-Sa 12:00-25:30",
        "opening_hours:url": "https://www.thechieftain.com/location/the-chieftain/",
        "phone": "+1 415 6150916",
        "website": "https://www.thechieftain.com/",
        "website:menu": "https://www.thechieftain.com/menus/"
      },
      "geometry": {
        "type": "Point",
        "coordinates": [
          -122.4052119,
          37.7814985
        ]
      },
      "id": "node/621179351"
    },
    {
      "type": "Feature",
      "properties": {
        "@id": "node/621793529",
        "addr:city": "San Francisco",
        "addr:country": "US",
        "addr:housenumber": "601",
        "addr:street": "Post Street",
        "amenity": "bar",
        "check_date": "2023-02-02",
        "cocktails": "yes",
        "contact:facebook": "owltree",
        "contact:twitter": "owltreesf",
        "email": "owltreesf@gmail.com",
        "name": "Owl Tree",
        "opening_hours": "Tu-Th 16:00+; Fr 15:00+; Su 18:00+",
        "phone": "+1 415 3591600",
        "website": "https://www.owltreesf.com/"
      },
      "geometry": {
        "type": "Point",
        "coordinates": [
          -122.4118412,
          37.7877507
        ]
      },
      "id": "node/621793529"
    },
    {
      "type": "Feature",
      "properties": {
        "@id": "node/621818366",
        "amenity": "bar",
        "description": "Inside the JW Marriott",
        "name": "Level III",
        "source": "survey"
      },
      "geometry": {
        "type": "Point",
        "coordinates": [
          -122.4103007,
          37.7881935
        ]
      },
      "id": "node/621818366"
    },
    {
      "type": "Feature",
      "properties": {
        "@id": "node/621818383",
        "addr:city": "San Francisco",
        "addr:country": "US",
        "addr:housenumber": "587",
        "addr:street": "Post Street",
        "amenity": "bar",
        "fixme": "Add contact details from website",
        "name": "Lost Cat",
        "website": "https://www.lostcatsf.com/"
      },
      "geometry": {
        "type": "Point",
        "coordinates": [
          -122.4113142,
          37.7878201
        ]
      },
      "id": "node/621818383"
    },
    {
      "type": "Feature",
      "properties": {
        "@id": "node/632817679",
        "addr:city": "San Francisco",
        "addr:country": "US",
        "addr:housenumber": "230",
        "addr:postcode": "94127",
        "addr:state": "CA",
        "addr:street": "West Portal Avenue",
        "amenity": "bar",
        "name": "Binu Bonu",
        "opening_hours": "Tu-Th 16:00-22:00; Fr-Sa 15:00-22:30",
        "shop": "wine",
        "wheelchair": "yes"
      },
      "geometry": {
        "type": "Point",
        "coordinates": [
          -122.4685481,
          37.7386468
        ]
      },
      "id": "node/632817679"
    },
    {
      "type": "Feature",
      "properties": {
        "@id": "node/632825392",
        "addr:city": "San Francisco",
        "addr:country": "US",
        "addr:housenumber": "328",
        "addr:postcode": "94127",
        "addr:state": "CA",
        "addr:street": "West Portal Avenue",
        "amenity": "pub",
        "name": "The Dubliner"
      },
      "geometry": {
        "type": "Point",
        "coordinates": [
          -122.4696762,
          37.7377005
        ]
      },
      "id": "node/632825392"
    },
    {
      "type": "Feature",
      "properties": {
        "@id": "node/718375673",
        "addr:city": "San Francisco",
        "addr:country": "US",
        "addr:county": "San Francisco",
        "addr:housenumber": "3044",
        "addr:postcode": "94116",
        "addr:state": "CA",
        "addr:street": "Taraval Street",
        "amenity": "pub",
        "cuisine": "japanese",
        "name": "After Hours SF"
      },
      "geometry": {
        "type": "Point",
        "coordinates": [
          -122.4989551,
          37.7421604
        ]
      },
      "id": "node/718375673"
    },
    {
      "type": "Feature",
      "properties": {
        "@id": "node/725066841",
        "addr:city": "San Francisco",
        "addr:country": "US",
        "addr:housenumber": "688",
        "addr:state": "CA",
        "addr:street": "Geary Street",
        "amenity": "bar",
        "check_date": "2023-07-05",
        "cocktails": "yes",
        "name": "Rye"
      },
      "geometry": {
        "type": "Point",
        "coordinates": [
          -122.4145242,
          37.7866698
        ]
      },
      "id": "node/725066841"
    },
    {
      "type": "Feature",
      "properties": {
        "@id": "node/725096448",
        "addr:city": "San Francisco",
        "addr:housenumber": "555",
        "addr:state": "CA",
        "addr:street": "Geary Street",
        "amenity": "pub",
        "check_date": "2022-03-20",
        "cocktails": "yes",
        "email": "host@bottleclubpub.com",
        "name": "Bottle Club Pub",
        "opening_hours": "We,Th 17:00-24:00; Fr,Sa 17:00-26:00; Su 18:00-26:00",
        "opening_hours:url": "https://www.bottleclubpub.com/",
        "phone": "+1 415 4232582",
        "website": "https://www.bottleclubpub.com/"
      },
      "geometry": {
        "type": "Point",
        "coordinates": [
          -122.4124048,
          37.7867295
        ]
      },
      "id": "node/725096448"
    },
    {
      "type": "Feature",
      "properties": {
        "@id": "node/725096449",
        "amenity": "bar",
        "cocktails": "yes",
        "food": "yes",
        "name": "The Mortimer",
        "opening_hours": "Mo,Su off; Tu-Sa 16:00-22:00",
        "opening_hours:url": "https://www.marriott.com/en-us/hotels/sfoak-hotel-adagio-autograph-collection/dining/",
        "website": "https://www.marriott.com/en-us/hotels/sfoak-hotel-adagio-autograph-collection/dining/"
      },
      "geometry": {
        "type": "Point",
        "coordinates": [
          -122.4124456,
          37.7869597
        ]
      },
      "id": "node/725096449"
    },
    {
      "type": "Feature",
      "properties": {
        "@id": "node/731946793",
        "addr:city": "San Francisco",
        "addr:country": "US",
        "addr:housenumber": "768",
        "addr:postcode": "94109",
        "addr:state": "CA",
        "addr:street": "Geary Street",
        "amenity": "pub",
        "check_date": "2023-02-14",
        "name": "Geary Club"
      },
      "geometry": {
        "type": "Point",
        "coordinates": [
          -122.4159328,
          37.7865056
        ]
      },
      "id": "node/731946793"
    },
    {
      "type": "Feature",
      "properties": {
        "@id": "node/731989581",
        "addr:city": "San Francisco",
        "addr:country": "US",
        "addr:housenumber": "894",
        "addr:postcode": "94109",
        "addr:state": "CA",
        "addr:street": "Geary Street",
        "amenity": "pub",
        "name": "The Outsider",
        "sport": "billiards"
      },
      "geometry": {
        "type": "Point",
        "coordinates": [
          -122.4179928,
          37.78623
        ]
      },
      "id": "node/731989581"
    },
    {
      "type": "Feature",
      "properties": {
        "@id": "node/731989588",
        "addr:city": "San Francisco",
        "addr:housenumber": "875",
        "addr:postcode": "94109",
        "addr:state": "CA",
        "addr:street": "Geary Street",
        "alt_name": "The Ha-Ra Club",
        "amenity": "pub",
        "check_date": "2024-05-25",
        "contact:facebook": "HaRaClubSF",
        "contact:instagram": "haraclubsf",
        "contact:twitter": "HaRaclubSF",
        "email": "haraclubsf@gmail.com",
        "fax": "+1 415 9627955",
        "name": "Ha-Ra",
        "opening_hours:url": "http://harasf.com/",
        "payment:cash": "yes",
        "payment:credit_cards": "yes",
        "phone": "+1 415 6733148",
        "sport": "billiards",
        "website": "http://harasf.com/",
        "wheelchair": "yes"
      },
      "geometry": {
        "type": "Point",
        "coordinates": [
          -122.4176448,
          37.7860732
        ]
      },
      "id": "node/731989588"
    },
    {
      "type": "Feature",
      "properties": {
        "@id": "node/732005635",
        "addr:housenumber": "939",
        "addr:street": "Geary Boulevard",
        "amenity": "pub",
        "name": "Hanaro",
        "opening_hours:signed": "no",
        "website": "https://members.vistaserv.net/hanaro"
      },
      "geometry": {
        "type": "Point",
        "coordinates": [
          -122.4189262,
          37.7859078
        ]
      },
      "id": "node/732005635"
    },
    {
      "type": "Feature",
      "properties": {
        "@id": "node/761906611",
        "addr:city": "San Francisco",
        "addr:housenumber": "1145",
        "addr:state": "CA",
        "addr:street": "Folsom Street",
        "amenity": "bar",
        "check_date": "2024-03-31",
        "name": "Bloodhound",
        "wheelchair": "yes"
      },
      "geometry": {
        "type": "Point",
        "coordinates": [
          -122.4088161,
          37.77581
        ]
      },
      "id": "node/761906611"
    },
    {
      "type": "Feature",
      "properties": {
        "@id": "node/774058148",
        "addr:city": "San Francisco",
        "addr:housenumber": "2695",
        "addr:postcode": "94110",
        "addr:state": "CA",
        "addr:street": "Mission Street",
        "amenity": "pub",
        "check_date": "2025-07-27",
        "name": "Mission Bar",
        "opening_hours": "Mo-Su 15:00-02:00",
        "payment:cash": "yes",
        "payment:credit_cards": "yes"
      },
      "geometry": {
        "type": "Point",
        "coordinates": [
          -122.4184414,
          37.7540276
        ]
      },
      "id": "node/774058148"
    },
    {
      "type": "Feature",
      "properties": {
        "@id": "node/808930684",
        "addr:housenumber": "401",
        "addr:street": "Taylor Street",
        "amenity": "bar",
        "check_date": "2023-01-16",
        "name": "Jasper's"
      },
      "geometry": {
        "type": "Point",
        "coordinates": [
          -122.4115193,
          37.786117
        ]
      },
      "id": "node/808930684"
    },
    {
      "type": "Feature",
      "properties": {
        "@id": "node/808930729",
        "addr:city": "San Francisco",
        "addr:housenumber": "243",
        "addr:postcode": "94102",
        "addr:state": "CA",
        "addr:street": "O'Farrell Street",
        "amenity": "pub",
        "contact:facebook": "johnnyfoleysirishhouse",
        "contact:instagram": "johnnyfoleysirishhouse",
        "contact:yelp": "https://www.yelp.com/biz/johnny-foleys-san-francisco",
        "cuisine": "irish",
        "food": "yes",
        "mapillary": "501873397835113",
        "name": "Johnny Foley's Irish House",
        "opening_hours": "We,Th,Fr 17:00-22:00+; Sa,Su 11:00-22:00+; Mo,Tu off",
        "phone": "+1 415 9540777",
        "survey:date": "2020-01-20",
        "theme": "irish",
        "website": "https://www.johnnyfoleys.com/"
      },
      "geometry": {
        "type": "Point",
        "coordinates": [
          -122.408751,
          37.7862372
        ]
      },
      "id": "node/808930729"
    },
    {
      "type": "Feature",
      "properties": {
        "@id": "node/819444936",
        "addr:housenumber": "1221",
        "addr:street": "Polk Street",
        "amenity": "pub",
        "check_date": "2023-07-10",
        "name": "Lush Lounge",
        "outdoor_seating": "no",
        "source": "survey"
      },
      "geometry": {
        "type": "Point",
        "coordinates": [
          -122.420349,
          37.7881395
        ]
      },
      "id": "node/819444936"
    },
    {
      "type": "Feature",
      "properties": {
        "@id": "node/819444949",
        "addr:city": "San Francisco",
        "addr:country": "US",
        "addr:floor": "0",
        "addr:housenumber": "1237",
        "addr:state": "CA",
        "addr:street": "Polk Street",
        "amenity": "pub",
        "check_date": "2024-03-02",
        "name": "McTeague's Saloon",
        "source": "survey",
        "wheelchair": "no"
      },
      "geometry": {
        "type": "Point",
        "coordinates": [
          -122.4203937,
          37.788382
        ]
      },
      "id": "node/819444949"
    },
    {
      "type": "Feature",
      "properties": {
        "@id": "node/825915019",
        "addr:city": "San Francisco",
        "addr:country": "US",
        "addr:housenumber": "1327",
        "addr:postcode": "94109",
        "addr:state": "CA",
        "addr:street": "Polk Street",
        "amenity": "bar",
        "check_date": "2023-01-13",
        "contact:facebook": "elloposf",
        "contact:instagram": "elloposf",
        "drink:wine": "yes",
        "email": "info@elloposf.com",
        "food": "yes",
        "name": "El Lopo",
        "opening_hours": "Mo-Tu 16:00-23:00; We-Th 16:00-23:00; Fr 16:00-24:00; Sa 12:00-24:00; Su 12:00-23:00",
        "opening_hours:kitchen": "Mo-Tu 17:00-22:00; We-Th 17:00-22:00; Fr 17:00-24:00; Sa 12:00-24:00; Su 12:00-22:00",
        "opening_hours:url": "https://www.elloposf.com/location/el-lopo/",
        "phone": "+1 415 2373072",
        "reservation": "yes",
        "website": "https://www.elloposf.com/"
      },
      "geometry": {
        "type": "Point",
        "coordinates": [
          -122.4205448,
          37.7890756
        ]
      },
      "id": "node/825915019"
    },
    {
      "type": "Feature",
      "properties": {
        "@id": "way/939437493",
        "addr:city": "San Francisco",
        "addr:housenumber": "43",
        "addr:postcode": "94103",
        "addr:state": "CA",
        "addr:street": "6th Street",
        "amenity": "bar",
        "building": "yes",
        "name": "Omg Club",
        "@geometry": "center"
      },
      "geometry": {
        "type": "Point",
        "coordinates": [
          -122.4093293,
          37.7817642
        ]
      },
      "id": "way/939437493"
    },
    {
      "type": "Feature",
      "properties": {
        "@id": "node/960935983",
        "addr:housenumber": "4207",
        "addr:street": "Judah Street",
        "amenity": "pub",
        "check_date": "2024-11-30",
        "name": "Pittsburgh's Pub"
      },
      "geometry": {
        "type": "Point",
        "coordinates": [
          -122.5071774,
          37.7602405
        ]
      },
      "id": "node/960935983"
    },
    {
      "type": "Feature",
      "properties": {
        "@id": "node/983388331",
        "addr:housenumber": "1250",
        "addr:street": "Market Street",
        "addr:unit": "101",
        "amenity": "bar",
        "name": "AJ's Bar"
      },
      "geometry": {
        "type": "Point",
        "coordinates": [
          -122.4157435,
          37.7781961
        ]
      },
      "id": "node/983388331"
    },
    {
      "type": "Feature",
      "properties": {
        "@id": "node/984659510",
        "addr:city": "San Francisco",
        "addr:housenumber": "1",
        "addr:postcode": "94123",
        "addr:state": "CA",
        "addr:street": "Yacht Road",
        "amenity": "bar",
        "contact:facebook": "ggycwaterfront",
        "contact:instagram": "goldengateyachtclub",
        "email": "generalmanager@ggyc.com",
        "name": "Golden Gate Yacht Club",
        "wikidata": "Q611962",
        "wikimedia_commons": "Category:Golden Gate Yacht Club",
        "wikipedia": "en:Golden Gate Yacht Club"
      },
      "geometry": {
        "type": "Point",
        "coordinates": [
          -122.4426038,
          37.8077247
        ]
      },
      "id": "node/984659510"
    },
    {
      "type": "Feature",
      "properties": {
        "@id": "node/984659529",
        "addr:city": "San Francisco",
        "addr:housenumber": "700",
        "addr:postcode": "94123",
        "addr:state": "CA",
        "addr:street": "Marina Boulevard",
        "amenity": "bar",
        "contact:facebook": "https://www.facebook.com/stfrancisyachtclub",
        "contact:instagram": "https://www.instagram.com/stfyc",
        "contact:twitter": "https://twitter.com/stfyc",
        "contact:youtube": "https://www.youtube.com/channel/UCarUgtm1qcsa_jk27sC1yZQ",
        "email": "frontdesk@stfyc.com",
        "fax": "+14155638670",
        "name": "St. Francis Yacht Club",
        "pets": "no",
        "phone": "+1-415-563-6363",
        "smoking": "outside",
        "website": "https://www.stfyc.com/",
        "wikidata": "Q7588038",
        "wikimedia_commons": "Category:St. Francis Yacht Club",
        "wikipedia": "en:St. Francis Yacht Club"
      },
      "geometry": {
        "type": "Point",
        "coordinates": [
          -122.446947,
          37.8072388
        ]
      },
      "id": "node/984659529"
    },
    {
      "type": "Feature",
      "properties": {
        "@id": "node/1083221110",
        "addr:city": "San Francisco",
        "addr:state": "CA",
        "addr:street": "Bay Street",
        "amenity": "bar",
        "min_age": "21",
        "name": "Red Jack Saloon"
      },
      "geometry": {
        "type": "Point",
        "coordinates": [
          -122.409847,
          37.8059987
        ]
      },
      "id": "node/1083221110"
    },
    {
      "type": "Feature",
      "properties": {
        "@id": "node/1206794862",
        "addr:housenumber": "2099",
        "addr:street": "Folsom Street",
        "amenity": "bar",
        "check_date": "2026-04-17",
        "level": "0",
        "name": "Rite Spot Cafe",
        "website": "https://www.ritespotcafe.net/",
        "wheelchair": "yes"
      },
      "geometry": {
        "type": "Point",
        "coordinates": [
          -122.4150115,
          37.7638277
        ]
      },
      "id": "node/1206794862"
    },
    {
      "type": "Feature",
      "properties": {
        "@id": "node/1211157016",
        "addr:housenumber": "1849",
        "addr:postcode": "94122",
        "addr:street": "Lincoln Way",
        "amenity": "pub",
        "check_date": "2026-04-15",
        "level": "0",
        "name": "Casa Barajas / Chug Pub",
        "opening_hours": "Mo,Tu 16:30-22:00; Th 11:00-22:00; Fr,Sa 11:00-22:30; Su 11:00-22:00",
        "phone": "+1 415-242-9931",
        "wheelchair": "yes"
      },
      "geometry": {
        "type": "Point",
        "coordinates": [
          -122.4781609,
          37.7652442
        ]
      },
      "id": "node/1211157016"
    },
    {
      "type": "Feature",
      "properties": {
        "@id": "way/1216690688",
        "amenity": "bar",
        "indoor": "room",
        "level": "3",
        "name": "Barebottle Brew Co.",
        "outdoor_seating": "yes",
        "website": "https://www.barebottle.com/salesforce-park-beer-garden",
        "@geometry": "center"
      },
      "geometry": {
        "type": "Point",
        "coordinates": [
          -122.3963606,
          37.7893431
        ]
      },
      "id": "way/1216690688"
    },
    {
      "type": "Feature",
      "properties": {
        "@id": "node/1229920524",
        "amenity": "bar",
        "name": "The Connection"
      },
      "geometry": {
        "type": "Point",
        "coordinates": [
          -122.4498831,
          37.7099557
        ]
      },
      "id": "node/1229920524"
    },
    {
      "type": "Feature",
      "properties": {
        "@id": "node/1230343377",
        "amenity": "pub",
        "check_date": "2026-04-12",
        "name": "Restaurante-Pupusería Ilobasco"
      },
      "geometry": {
        "type": "Point",
        "coordinates": [
          -122.4039937,
          37.7278009
        ]
      },
      "id": "node/1230343377"
    },
    {
      "type": "Feature",
      "properties": {
        "@id": "node/1230343426",
        "amenity": "pub",
        "name": "Judnich's"
      },
      "geometry": {
        "type": "Point",
        "coordinates": [
          -122.4028439,
          37.7253753
        ]
      },
      "id": "node/1230343426"
    },
    {
      "type": "Feature",
      "properties": {
        "@id": "node/1230343464",
        "amenity": "pub",
        "name": "Fat Beli Deli"
      },
      "geometry": {
        "type": "Point",
        "coordinates": [
          -122.404354,
          37.7288873
        ]
      },
      "id": "node/1230343464"
    },
    {
      "type": "Feature",
      "properties": {
        "@id": "node/1238299633",
        "addr:housenumber": "2496",
        "amenity": "bar",
        "name": "Dogpatch Saloon",
        "wheelchair": "yes",
        "wifi": "no"
      },
      "geometry": {
        "type": "Point",
        "coordinates": [
          -122.3885258,
          37.7580357
        ]
      },
      "id": "node/1238299633"
    },
    {
      "type": "Feature",
      "properties": {
        "@id": "node/1295101185",
        "addr:housenumber": "650",
        "addr:street": "Gough Street",
        "amenity": "bar",
        "check_date": "2026-03-05",
        "level": "0",
        "name": "Smuggler's Cove",
        "opening_hours": "Mo-Su 17:00-01:45",
        "theme": "tiki",
        "wheelchair": "yes"
      },
      "geometry": {
        "type": "Point",
        "coordinates": [
          -122.423343,
          37.7793996
        ]
      },
      "id": "node/1295101185"
    },
    {
      "type": "Feature",
      "properties": {
        "@id": "node/1320562876",
        "addr:housenumber": "606",
        "addr:street": "Mission Street",
        "amenity": "pub",
        "contact:phone": "+1-415-513-2571",
        "contact:website": "http://www.atlastaproom.com/",
        "cuisine": "american",
        "name": "Atlas Tap Room",
        "opening_hours": "Mo-We 11:00-22:00; Th,Fr 11:00-23:00",
        "takeaway": "yes",
        "wheelchair": "no"
      },
      "geometry": {
        "type": "Point",
        "coordinates": [
          -122.4001637,
          37.7878983
        ]
      },
      "id": "node/1320562876"
    },
    {
      "type": "Feature",
      "properties": {
        "@id": "node/1417639584",
        "addr:floor": "19",
        "amenity": "bar",
        "contact:instagram": "topofthemarksf",
        "indoor_seating": "yes",
        "name": "Top of the Mark",
        "opening_hours": "We-Sa 17:00-21:30 open \"appetizers available\" || We-Sa 16:30-23:30 open; Su,Mo-Tu off",
        "opening_hours:url": "https://www.sfmarkhopkins.com/top-of-the-mark",
        "outdoor_seating": "no",
        "tourism": "viewpoint",
        "website": "https://www.ihg.com/intercontinental/hotels/us/en/san-francisco/sfoha/hoteldetail/top-of-the-mark",
        "wheelchair": "yes",
        "wikidata": "Q7824679",
        "wikimedia_commons": "Category:Top of the Mark",
        "wikipedia": "en:Top of the Mark"
      },
      "geometry": {
        "type": "Point",
        "coordinates": [
          -122.4104078,
          37.7916237
        ]
      },
      "id": "node/1417639584"
    },
    {
      "type": "Feature",
      "properties": {
        "@id": "node/1485992620",
        "amenity": "pub",
        "check_date": "2025-04-17",
        "check_date:opening_hours": "2025-04-17",
        "name": "Chelsea Place",
        "opening_hours": "Mo-We 16:00-02:00, Th-Su 13:00-02:00"
      },
      "geometry": {
        "type": "Point",
        "coordinates": [
          -122.4079122,
          37.7901588
        ]
      },
      "id": "node/1485992620"
    },
    {
      "type": "Feature",
      "properties": {
        "@id": "node/1493456455",
        "addr:city": "San Francisco",
        "addr:housenumber": "1414",
        "addr:postcode": "94102",
        "addr:state": "CA",
        "addr:street": "Market Street",
        "amenity": "bar",
        "min_age": "21",
        "name": "The Function",
        "website": "https://www.thefunctionsf.com/"
      },
      "geometry": {
        "type": "Point",
        "coordinates": [
          -122.4181966,
          37.7762746
        ]
      },
      "id": "node/1493456455"
    },
    {
      "type": "Feature",
      "properties": {
        "@id": "node/1493721688",
        "addr:city": "San Francisco",
        "addr:housenumber": "3600",
        "addr:state": "CA",
        "addr:street": "16th Street",
        "amenity": "bar",
        "building:levels": "2",
        "building:material": "wood",
        "check_date": "2025-04-24",
        "level": "1",
        "lgbtq": "primary",
        "name": "Lookout",
        "note": "upstairs",
        "website": "http://www.lookoutsf.com"
      },
      "geometry": {
        "type": "Point",
        "coordinates": [
          -122.4333114,
          37.7643689
        ]
      },
      "id": "node/1493721688"
    },
    {
      "type": "Feature",
      "properties": {
        "@id": "node/1581843965",
        "addr:housenumber": "25",
        "addr:street": "Lusk Street",
        "amenity": "bar",
        "name": "Twenty Five Lusk",
        "website": "https://www.25lusk.com/"
      },
      "geometry": {
        "type": "Point",
        "coordinates": [
          -122.3943226,
          37.778429
        ]
      },
      "id": "node/1581843965"
    },
    {
      "type": "Feature",
      "properties": {
        "@id": "node/1581862143",
        "addr:city": "San Francisco",
        "addr:housenumber": "1068",
        "addr:street": "Hyde Street",
        "amenity": "pub",
        "name": "The Hyde Out"
      },
      "geometry": {
        "type": "Point",
        "coordinates": [
          -122.4172479,
          37.7908937
        ]
      },
      "id": "node/1581862143"
    },
    {
      "type": "Feature",
      "properties": {
        "@id": "node/1607230272",
        "addr:housenumber": "1232",
        "addr:street": "Grant Avenue",
        "amenity": "bar",
        "live_music": "yes",
        "name": "The Saloon",
        "phone": "+1-415-989-7666",
        "website": "https://www.sfblues.net/Saloon.html",
        "wikidata": "Q7762121"
      },
      "geometry": {
        "type": "Point",
        "coordinates": [
          -122.4070947,
          37.7985549
        ]
      },
      "id": "node/1607230272"
    },
    {
      "type": "Feature",
      "properties": {
        "@id": "node/1612773733",
        "addr:housenumber": "354",
        "addr:street": "11th Street",
        "amenity": "bar",
        "email": "contactus@smoothasbutter.com",
        "name": "Butter",
        "opening_hours": "Th-Sa 18:00-02:00; Su 20:00-02:00",
        "phone": "+1 415 863 5964",
        "website": "https://smoothasbutter.com"
      },
      "geometry": {
        "type": "Point",
        "coordinates": [
          -122.4132775,
          37.7710719
        ]
      },
      "id": "node/1612773733"
    },
    {
      "type": "Feature",
      "properties": {
        "@id": "node/1612808193",
        "addr:city": "San Francisco",
        "addr:housenumber": "55",
        "addr:postcode": "94103",
        "addr:state": "CA",
        "addr:street": "4th Street",
        "amenity": "bar",
        "description": "39th floor bar with city views; enter through hotel",
        "level": "39",
        "name": "The View Lounge",
        "opening_hours": "Mo-Su 16:00-24:00",
        "operator": "Marriott",
        "phone": "+1 415-896-1600",
        "smoking": "no",
        "tourism": "viewpoint",
        "website": "https://www.sfmarquis.com/theview"
      },
      "geometry": {
        "type": "Point",
        "coordinates": [
          -122.4043265,
          37.7854136
        ]
      },
      "id": "node/1612808193"
    },
    {
      "type": "Feature",
      "properties": {
        "@id": "node/1613829038",
        "amenity": "pub",
        "check_date": "2024-02-11",
        "name": "Yerba Buena Bar",
        "wheelchair": "yes"
      },
      "geometry": {
        "type": "Point",
        "coordinates": [
          -122.3989958,
          37.787564
        ]
      },
      "id": "node/1613829038"
    },
    {
      "type": "Feature",
      "properties": {
        "@id": "node/1613829042",
        "addr:city": "San Francisco",
        "addr:country": "US",
        "addr:housenumber": "86",
        "addr:postcode": "94105",
        "addr:state": "CA",
        "addr:street": "2nd Street",
        "amenity": "bar",
        "name": "DaDa Bar",
        "wheelchair": "yes"
      },
      "geometry": {
        "type": "Point",
        "coordinates": [
          -122.4002205,
          37.7881751
        ]
      },
      "id": "node/1613829042"
    },
    {
      "type": "Feature",
      "properties": {
        "@id": "node/1613924529",
        "addr:city": "San Francisco",
        "addr:housenumber": "46",
        "addr:state": "CA",
        "addr:street": "Minna Street",
        "amenity": "bar",
        "email": "info@harlotsf.com",
        "name": "Madarae",
        "phone": "+1-415-244-4222",
        "website": "https://www.madarae.com/"
      },
      "geometry": {
        "type": "Point",
        "coordinates": [
          -122.398145,
          37.7885478
        ]
      },
      "id": "node/1613924529"
    },
    {
      "type": "Feature",
      "properties": {
        "@id": "node/1615157230",
        "addr:housenumber": "1390",
        "addr:street": "California Street",
        "amenity": "bar",
        "indoor_seating": "yes",
        "name": "Wreck Room",
        "opening_hours": "Mo-Sa 16:00-02:00; Su 10:00-02:00",
        "outdoor_seating": "no",
        "phone": "+1 415 932 6715",
        "website": "http://www.thewreckroomsf.com/"
      },
      "geometry": {
        "type": "Point",
        "coordinates": [
          -122.4171865,
          37.7911616
        ]
      },
      "id": "node/1615157230"
    },
    {
      "type": "Feature",
      "properties": {
        "@id": "node/1616322282",
        "addr:housenumber": "1700",
        "addr:street": "Post Street",
        "amenity": "bar",
        "description": "Karaoke Bar",
        "level": "-1",
        "name": "Dimples",
        "name:ko": "딤플"
      },
      "geometry": {
        "type": "Point",
        "coordinates": [
          -122.4302408,
          37.7856379
        ]
      },
      "id": "node/1616322282"
    },
    {
      "type": "Feature",
      "properties": {
        "@id": "node/1616322287",
        "addr:housenumber": "1825",
        "addr:street": "Webster Street",
        "addr:unit": "B",
        "amenity": "bar",
        "description": "Sake bar",
        "karaoke": "yes",
        "level": "0;1",
        "name": "Club Mari's / Mogura",
        "note": "Karaoke bar",
        "phone": "+1 415 6735636",
        "smoking": "no"
      },
      "geometry": {
        "type": "Point",
        "coordinates": [
          -122.4321864,
          37.7851137
        ]
      },
      "id": "node/1616322287"
    },
    {
      "type": "Feature",
      "properties": {
        "@id": "node/1617288110",
        "addr:housenumber": "554",
        "addr:street": "Market Street",
        "amenity": "bar",
        "atm": "yes",
        "check_date": "2026-05-14",
        "email": "info@sutterstationtavern.com",
        "level": "0",
        "name": "Sutter Station Tavern",
        "opening_hours": "Mo-Sa 11:00-02:00",
        "phone": "+1 415-434-4768",
        "short_name": "Sutter Station",
        "smoking": "no",
        "website": "https://sutterstationtavern.com",
        "wheelchair": "limited"
      },
      "geometry": {
        "type": "Point",
        "coordinates": [
          -122.4009729,
          37.7898697
        ]
      },
      "id": "node/1617288110"
    },
    {
      "type": "Feature",
      "properties": {
        "@id": "node/1617351128",
        "addr:housenumber": "270",
        "addr:street": "Columbus Avenue",
        "amenity": "bar",
        "name": "Long Weekend Havana"
      },
      "geometry": {
        "type": "Point",
        "coordinates": [
          -122.4062868,
          37.7977824
        ]
      },
      "id": "node/1617351128"
    },
    {
      "type": "Feature",
      "properties": {
        "@id": "node/1618687933",
        "addr:city": "San Francisco",
        "addr:country": "US",
        "addr:housenumber": "6150",
        "addr:postcode": "94121",
        "addr:state": "CA",
        "addr:street": "Geary Boulevard",
        "amenity": "bar",
        "check_date": "2026-07-20",
        "internet_access": "wlan",
        "internet_access:fee": "customers",
        "name": "Trad'r Sam",
        "outdoor_seating": "no",
        "payment:cards": "no",
        "payment:cash": "yes",
        "payment:credit_cards": "no",
        "payment:debit_cards": "no",
        "phone": "+1 415-221-0773",
        "theme": "tiki"
      },
      "geometry": {
        "type": "Point",
        "coordinates": [
          -122.485657,
          37.7802406
        ]
      },
      "id": "node/1618687933"
    },
    {
      "type": "Feature",
      "properties": {
        "@id": "node/1626468365",
        "addr:housenumber": "620",
        "addr:postcode": "94102",
        "addr:street": "Jones Street",
        "amenity": "bar",
        "cocktails": "yes",
        "contact:facebook": "620Jones",
        "contact:instagram": "620jones",
        "dog": "yes",
        "name": "620 Jones",
        "opening_hours": "Su 11:00-16:00; Mo off; Tu,We 16:00-22:00; Th 16:00-23:00; Fr 16:00-24:00; Sa 11:00-24:00",
        "opening_hours:url": "https://620-jones.com/",
        "outdoor_seating": "yes",
        "phone": "+1 415 8452257",
        "website": "https://620-jones.com/",
        "website:menu": "https://620-jones.com/menu/"
      },
      "geometry": {
        "type": "Point",
        "coordinates": [
          -122.4128807,
          37.7870952
        ]
      },
      "id": "node/1626468365"
    },
    {
      "type": "Feature",
      "properties": {
        "@id": "node/1649867191",
        "addr:housenumber": "3464",
        "addr:postcode": "94110",
        "addr:street": "19th Street",
        "amenity": "bar",
        "name": "Wildhawk",
        "website": "https://www.lexingtonclub.com/",
        "wikidata": "Q19647866"
      },
      "geometry": {
        "type": "Point",
        "coordinates": [
          -122.4207752,
          37.7602548
        ]
      },
      "id": "node/1649867191"
    },
    {
      "type": "Feature",
      "properties": {
        "@id": "node/1676994251",
        "amenity": "bar",
        "capacity": "227",
        "check_date": "2022-11-12",
        "name": "Executive Order"
      },
      "geometry": {
        "type": "Point",
        "coordinates": [
          -122.4060429,
          37.7832783
        ]
      },
      "id": "node/1676994251"
    },
    {
      "type": "Feature",
      "properties": {
        "@id": "node/1680714458",
        "addr:city": "San Francisco",
        "addr:country": "US",
        "addr:housenumber": "1402",
        "addr:state": "CA",
        "addr:street": "Grant Avenue",
        "amenity": "pub",
        "check_date": "2022-02-07",
        "internet_access": "wlan",
        "name": "Otherwise Brewing",
        "website": "https://www.otherwisebrewing.com/taproom#menu"
      },
      "geometry": {
        "type": "Point",
        "coordinates": [
          -122.4073409,
          37.7998739
        ]
      },
      "id": "node/1680714458"
    },
    {
      "type": "Feature",
      "properties": {
        "@id": "node/1713269598",
        "addr:city": "San Francisco",
        "addr:housenumber": "3838",
        "addr:street": "24th Street",
        "amenity": "pub",
        "name": "The Dubliner"
      },
      "geometry": {
        "type": "Point",
        "coordinates": [
          -122.4283147,
          37.7517359
        ]
      },
      "id": "node/1713269598"
    },
    {
      "type": "Feature",
      "properties": {
        "@id": "node/1713269625",
        "addr:city": "San Francisco",
        "addr:housenumber": "4054",
        "addr:postcode": "94114",
        "addr:state": "CA",
        "addr:street": "24th Street",
        "amenity": "pub",
        "name": "The Valley Tavern",
        "smoking": "isolated"
      },
      "geometry": {
        "type": "Point",
        "coordinates": [
          -122.4331353,
          37.7514698
        ]
      },
      "id": "node/1713269625"
    },
    {
      "type": "Feature",
      "properties": {
        "@id": "node/1713269638",
        "addr:housenumber": "1316",
        "addr:street": "Castro Street",
        "amenity": "pub",
        "name": "The Peaks",
        "postal_code": "94114",
        "wheelchair": "limited"
      },
      "geometry": {
        "type": "Point",
        "coordinates": [
          -122.4342405,
          37.7509873
        ]
      },
      "id": "node/1713269638"
    },
    {
      "type": "Feature",
      "properties": {
        "@id": "node/1777418695",
        "addr:city": "San Francisco",
        "addr:housenumber": "1000",
        "addr:postcode": "94133",
        "addr:state": "CA",
        "addr:street": "Columbus Avenue",
        "amenity": "bar",
        "name": "International Sports Club"
      },
      "geometry": {
        "type": "Point",
        "coordinates": [
          -122.4151415,
          37.8038977
        ]
      },
      "id": "node/1777418695"
    },
    {
      "type": "Feature",
      "properties": {
        "@id": "node/1784908622",
        "addr:city": "San Francisco",
        "addr:country": "US",
        "addr:housenumber": "762",
        "addr:postcode": "94117",
        "addr:state": "CA",
        "addr:street": "Divisadero Street",
        "amenity": "bar",
        "check_date": "2025-11-19",
        "name": "Fly Bar & Restaurant",
        "website": "https://flybarandrestaurant.com/sf/",
        "wifi": "no"
      },
      "geometry": {
        "type": "Point",
        "coordinates": [
          -122.4379485,
          37.7767623
        ]
      },
      "id": "node/1784908622"
    },
    {
      "type": "Feature",
      "properties": {
        "@id": "node/1805750179",
        "addr:city": "San Francisco",
        "addr:housenumber": "620",
        "addr:postcode": "94110",
        "addr:state": "CA",
        "addr:street": "Treat Avenue",
        "amenity": "pub",
        "check_date": "2023-02-09",
        "craft": "brewery",
        "internet_access": "wlan",
        "internet_access:fee": "customers",
        "name": "Southern Pacific Brewing",
        "payment:mastercard": "yes",
        "payment:visa": "yes",
        "phone": "+1-415-341-0152",
        "product": "food",
        "website": "https://www.southernpacificbrewing.com/",
        "wheelchair": "limited"
      },
      "geometry": {
        "type": "Point",
        "coordinates": [
          -122.4139896,
          37.7601311
        ]
      },
      "id": "node/1805750179"
    },
    {
      "type": "Feature",
      "properties": {
        "@id": "node/1806978712",
        "addr:housenumber": "355",
        "addr:postcode": "94103",
        "addr:street": "11th Street",
        "amenity": "bar",
        "email": "info@baragricole.com",
        "name": "Bar Agricole",
        "opening_hours": "Su-We 17:30-22:00; Th-Sa 17:30-23:00",
        "phone": "+1 415 355 9400",
        "website": "https://baragricole.com/"
      },
      "geometry": {
        "type": "Point",
        "coordinates": [
          -122.4130526,
          37.7712823
        ]
      },
      "id": "node/1806978712"
    },
    {
      "type": "Feature",
      "properties": {
        "@id": "node/1819811597",
        "addr:housenumber": "408",
        "addr:street": "Clement Street",
        "amenity": "bar",
        "check_date": "2026-03-13",
        "happy_hours": "16:00-19:00",
        "level": "0",
        "name": "Scarlet Lounge",
        "opening_hours": "Mo-Fr 16:00+; Sa-Su 12:00+",
        "wheelchair": "yes"
      },
      "geometry": {
        "type": "Point",
        "coordinates": [
          -122.4638239,
          37.7831179
        ]
      },
      "id": "node/1819811597"
    },
    {
      "type": "Feature",
      "properties": {
        "@id": "node/1819811599",
        "addr:street": "Clement Street",
        "amenity": "pub",
        "check_date": "2026-03-13",
        "level": "0",
        "name": "The Bitter End",
        "wheelchair": "limited"
      },
      "geometry": {
        "type": "Point",
        "coordinates": [
          -122.4640435,
          37.7828409
        ]
      },
      "id": "node/1819811599"
    },
    {
      "type": "Feature",
      "properties": {
        "@id": "node/1839527429",
        "addr:housenumber": "3225",
        "addr:street": "22nd Street",
        "amenity": "bar",
        "name": "Make Out Room"
      },
      "geometry": {
        "type": "Point",
        "coordinates": [
          -122.419366,
          37.7553007
        ]
      },
      "id": "node/1839527429"
    },
    {
      "type": "Feature",
      "properties": {
        "@id": "node/1844653896",
        "addr:city": "San Francisco",
        "addr:housenumber": "441",
        "addr:street": "Jones Street",
        "alt_name": "The Zombie Village",
        "amenity": "bar",
        "cocktails": "yes",
        "contact:facebook": "thezombievillage",
        "contact:instagram": "thezombievillage",
        "cuisine": "tiki_bar",
        "description": "Tiki bar",
        "drink:wine": "no",
        "email": "host@thezombievillage.com",
        "food": "no",
        "name": "Zombie Village",
        "old_name": "Tradition",
        "opening_hours": "Su,Mo-Tu off; We 17:00-24:00; Th-Sa 17:00-26:00",
        "opening_hours:url": "https://www.thezombievillage.com/",
        "phone": "+1 415 4742284",
        "reservation": "yes",
        "theme": "tiki",
        "website": "https://www.thezombievillage.com/"
      },
      "geometry": {
        "type": "Point",
        "coordinates": [
          -122.413076,
          37.785513
        ]
      },
      "id": "node/1844653896"
    },
    {
      "type": "Feature",
      "properties": {
        "@id": "node/1844915443",
        "addr:housenumber": "20",
        "addr:street": "Yerba Buena Lane",
        "amenity": "bar",
        "check_date": "2024-10-24",
        "indoor_seating": "yes",
        "name": "Press Club",
        "opening_hours": "Mo-Th 16:00-22:00; Fr 16:00+; Sa 14:00+; Su closed",
        "outdoor_seating": "no",
        "phone": "+1 415 744 5000",
        "website": "https://pressclubsf.com/",
        "wheelchair": "yes"
      },
      "geometry": {
        "type": "Point",
        "coordinates": [
          -122.4044428,
          37.7859991
        ]
      },
      "id": "node/1844915443"
    },
    {
      "type": "Feature",
      "properties": {
        "@id": "node/1880217201",
        "addr:city": "San Francisco",
        "addr:housenumber": "299",
        "addr:postcode": "94103",
        "addr:street": "9th Street",
        "amenity": "pub",
        "check_date": "2026-04-17",
        "name": "Azucar Lounge",
        "wheelchair": "yes"
      },
      "geometry": {
        "type": "Point",
        "coordinates": [
          -122.411637,
          37.7739747
        ]
      },
      "id": "node/1880217201"
    },
    {
      "type": "Feature",
      "properties": {
        "@id": "node/1914749996",
        "addr:city": "San Francisco",
        "addr:housenumber": "309",
        "addr:postcode": "94110",
        "addr:state": "CA",
        "addr:street": "Cortland Avenue",
        "amenity": "bar",
        "brewery": "various",
        "check_date": "2026-06-09",
        "cocktails": "yes",
        "contact:facebook": "holywater.sf",
        "contact:instagram": "holywatersf",
        "drink:beer": "yes",
        "email": "info@holywatersf.com",
        "name": "Holy Water",
        "opening_hours": "Mo-Su 15:00+",
        "opening_hours:url": "https://holywatersf.com/",
        "outdoor_seating": "no",
        "payment:cash": "yes",
        "payment:credit_cards": "yes",
        "phone": "+1 415 5708916",
        "website": "https://holywatersf.com/",
        "website:menu": "https://holywatersf.com/menus",
        "wheelchair": "yes"
      },
      "geometry": {
        "type": "Point",
        "coordinates": [
          -122.4182852,
          37.7393085
        ]
      },
      "id": "node/1914749996"
    },
    {
      "type": "Feature",
      "properties": {
        "@id": "node/1940405912",
        "amenity": "pub",
        "check_date": "2023-04-12",
        "name": "Ireland's 32"
      },
      "geometry": {
        "type": "Point",
        "coordinates": [
          -122.4614374,
          37.7813471
        ]
      },
      "id": "node/1940405912"
    },
    {
      "type": "Feature",
      "properties": {
        "@id": "node/1982439159",
        "addr:housenumber": "2801",
        "addr:postcode": "94118",
        "addr:street": "Geary Boulevard",
        "air_conditioning": "yes",
        "amenity": "pub",
        "brewery": "yes",
        "check_date": "2025-04-26",
        "cocktails": "yes",
        "cuisine": "fish_and_chips;british",
        "drink:beer": "served",
        "food": "yes",
        "microbrewery": "no",
        "name": "The Pig & Whistle",
        "opening_hours": "11:30-02:00",
        "opening_hours:kitchen": "11:30-22:00",
        "payment:credit_cards": "yes",
        "phone": "+1 415-885-4779",
        "wheelchair": "limited",
        "wheelchair:description": "A sign says the wheelchair entrance is on the side"
      },
      "geometry": {
        "type": "Point",
        "coordinates": [
          -122.4491653,
          37.782045
        ]
      },
      "id": "node/1982439159"
    },
    {
      "type": "Feature",
      "properties": {
        "@id": "node/2026996037",
        "addr:city": "San Francisco",
        "addr:housenumber": "142",
        "addr:postcode": "94105",
        "addr:state": "CA",
        "addr:street": "Minna Street",
        "amenity": "bar",
        "check_date": "2023-04-30",
        "name": "Pink Elephant",
        "outdoor_seating": "yes",
        "phone": "+1 415 857 4142",
        "website": "http://www.sfalibi.com/",
        "wheelchair": "yes"
      },
      "geometry": {
        "type": "Point",
        "coordinates": [
          -122.4004371,
          37.7867615
        ]
      },
      "id": "node/2026996037"
    },
    {
      "type": "Feature",
      "properties": {
        "@id": "node/2054109855",
        "amenity": "bar",
        "name": "Rocks Den"
      },
      "geometry": {
        "type": "Point",
        "coordinates": [
          -122.4327193,
          37.7272028
        ]
      },
      "id": "node/2054109855"
    },
    {
      "type": "Feature",
      "properties": {
        "@id": "node/2054109906",
        "amenity": "bar",
        "name": "Pissed Off Pete's"
      },
      "geometry": {
        "type": "Point",
        "coordinates": [
          -122.4343609,
          37.7255163
        ]
      },
      "id": "node/2054109906"
    },
    {
      "type": "Feature",
      "properties": {
        "@id": "node/2054130299",
        "addr:housenumber": "3845",
        "addr:street": "Mission Street",
        "amenity": "pub",
        "name": "St. Mary's Pub",
        "opening_hours": "Mo-Fr 15:00-02:00; Sa-Su 12:00-02:00",
        "phone": "+1 415-529-1325",
        "website": "https://www.stmaryspub.com/",
        "wheelchair": "yes"
      },
      "geometry": {
        "type": "Point",
        "coordinates": [
          -122.4245037,
          37.7354739
        ]
      },
      "id": "node/2054130299"
    },
    {
      "type": "Feature",
      "properties": {
        "@id": "node/2069104070",
        "addr:city": "San Francisco",
        "addr:housenumber": "998",
        "addr:street": "Guerrero Street",
        "amenity": "bar",
        "name": "The Liberties"
      },
      "geometry": {
        "type": "Point",
        "coordinates": [
          -122.4233571,
          37.7552542
        ]
      },
      "id": "node/2069104070"
    },
    {
      "type": "Feature",
      "properties": {
        "@id": "node/2071647991",
        "addr:city": "San Francisco",
        "addr:housenumber": "950",
        "addr:state": "CA",
        "addr:street": "Mason Street",
        "amenity": "bar",
        "cocktails": "yes",
        "dinner": "Th 17:00-21:00;Fr-Sa 17:00-22:00",
        "email": "tongaroom@fairmont.com",
        "fax": "+1 415 7725013",
        "name": "Tonga Room & Hurricane Bar",
        "opening_hours": "Th 17:00-22:00; Fr-Sa 17:00-23:00",
        "opening_hours:url": "https://www.fairmont.com/san-francisco/dining/tonga-room-hurricane-bar/",
        "phone": "+1 415 7725000",
        "theme": "tiki",
        "website": "https://www.fairmont.com/san-francisco/dining/tonga-room-hurricane-bar/",
        "wikidata": "Q7820969",
        "wikimedia_commons": "File:Cmglee Tonga Room and Hurricane Bar.jpg",
        "wikipedia": "en:Tonga Room"
      },
      "geometry": {
        "type": "Point",
        "coordinates": [
          -122.410008,
          37.792141
        ]
      },
      "id": "node/2071647991"
    },
    {
      "type": "Feature",
      "properties": {
        "@id": "node/2131702647",
        "amenity": "bar",
        "check_date": "2026-04-17",
        "name": "Homestead",
        "opening_hours": "Su-Th 15:00-23:00; Fr-Sa 15:00-02:00",
        "phone": "+1-415-282-4663"
      },
      "geometry": {
        "type": "Point",
        "coordinates": [
          -122.4146785,
          37.7604101
        ]
      },
      "id": "node/2131702647"
    },
    {
      "type": "Feature",
      "properties": {
        "@id": "node/2166014681",
        "amenity": "bar",
        "email": "Payamarvin@gmail.com",
        "name": "Monroe San Francisco",
        "phone": "+1 415-772-9002",
        "website": "https://www.monroesf.com/"
      },
      "geometry": {
        "type": "Point",
        "coordinates": [
          -122.4049362,
          37.7979623
        ]
      },
      "id": "node/2166014681"
    },
    {
      "type": "Feature",
      "properties": {
        "@id": "node/2167447455",
        "amenity": "bar",
        "email": "bullitt2209@gmail.com",
        "name": "Bullitt",
        "opening_hours": "Mo-Th 15:00-02:00; Fr-Su 11:00-02:00",
        "phone": "+1 415-268-0140",
        "website": "https://www.bullittsf.com/"
      },
      "geometry": {
        "type": "Point",
        "coordinates": [
          -122.4221642,
          37.7970951
        ]
      },
      "id": "node/2167447455"
    },
    {
      "type": "Feature",
      "properties": {
        "@id": "node/2240839554",
        "addr:housenumber": "747",
        "addr:state": "CA",
        "addr:street": "3rd Street",
        "amenity": "bar",
        "name": "Candlestick Park Sports Bar",
        "website": "https://www.candlestickbarsf.com/"
      },
      "geometry": {
        "type": "Point",
        "coordinates": [
          -122.392018,
          37.7784531
        ]
      },
      "id": "node/2240839554"
    },
    {
      "type": "Feature",
      "properties": {
        "@id": "node/2240869181",
        "addr:housenumber": "527",
        "addr:street": "Bryant Street",
        "amenity": "bar",
        "check_date": "2026-07-07",
        "min_age": "21",
        "name": "Lava Restaurant & Lounge"
      },
      "geometry": {
        "type": "Point",
        "coordinates": [
          -122.3964816,
          37.7806466
        ]
      },
      "id": "node/2240869181"
    },
    {
      "type": "Feature",
      "properties": {
        "@id": "node/2240869184",
        "addr:housenumber": "24",
        "addr:street": "Willie Mays Plaza",
        "amenity": "bar",
        "name": "58 Social",
        "website": "https://www.publichousesf.com/",
        "wheelchair": "yes"
      },
      "geometry": {
        "type": "Point",
        "coordinates": [
          -122.3910462,
          37.7778936
        ]
      },
      "id": "node/2240869184"
    },
    {
      "type": "Feature",
      "properties": {
        "@id": "node/2248286001",
        "addr:city": "San Francisco",
        "addr:country": "US",
        "addr:housenumber": "471",
        "addr:state": "CA",
        "addr:street": "Pine Street",
        "amenity": "bar",
        "contact:facebook": "The-Occidental-Cigar-Club-400173196706405",
        "contact:instagram": "theoccidentalcigarclub",
        "contact:twitter": "SFCigarClub",
        "contact:yelp": "https://www.yelp.com/biz/the-occidental-cigar-club-san-francisco",
        "email": "info@OccidentalCigarClub.com",
        "name": "The Occidental Cigar Club",
        "opening_hours": "Mo-Fr 12:00-25:00; Sa-Su 16:00-25:00",
        "phone": "+1 415 8340485",
        "website": "http://occidentalcigarclub.com/"
      },
      "geometry": {
        "type": "Point",
        "coordinates": [
          -122.4036534,
          37.7916682
        ]
      },
      "id": "node/2248286001"
    },
    {
      "type": "Feature",
      "properties": {
        "@id": "node/2249504566",
        "addr:city": "San Francisco",
        "addr:housenumber": "10",
        "addr:state": "CA",
        "addr:street": "Mark Lane",
        "amenity": "pub",
        "check_date": "2025-04-03",
        "contact:facebook": "The-Irish-Bank-57687294378",
        "contact:instagram": "irishbank",
        "email": "theirishbank@yahoo.com",
        "food": "yes",
        "name": "Irish Bank",
        "note": "Sandwich board outside says 11:30am to 2am every day, but it seems odd they'd be open more than before Covid.",
        "opening_hours": "Su,Mo,Tu 11:30-23:00; We,Th 11:30-00:00; Fr,Sa 11:30-02:00",
        "opening_hours:kitchen": "Mo-Su 11:30-22:45",
        "opening_hours:url": "https://www.theirishbank.com",
        "outdoor_seating": "yes",
        "phone": "+1 415 7887152",
        "smoking": "no",
        "website": "https://www.theirishbank.com/"
      },
      "geometry": {
        "type": "Point",
        "coordinates": [
          -122.404722,
          37.7904363
        ]
      },
      "id": "node/2249504566"
    },
    {
      "type": "Feature",
      "properties": {
        "@id": "node/2249505215",
        "addr:street": "Kearny Street",
        "alt_name": "Murphy's Pub",
        "amenity": "pub",
        "check_date": "2022-03-09",
        "cuisine": "burger;fish_and_chips",
        "indoor_seating": "yes",
        "name": "Murphy's",
        "opening_hours": "Su,Mo off; Tu-Fr 12:00-22:00; Sa 14:00-22:00",
        "opening_hours:signed": "yes",
        "outdoor_seating": "no",
        "wheelchair": "limited"
      },
      "geometry": {
        "type": "Point",
        "coordinates": [
          -122.4040639,
          37.7900928
        ]
      },
      "id": "node/2249505215"
    },
    {
      "type": "Feature",
      "properties": {
        "@id": "node/2249505473",
        "addr:city": "San Francisco",
        "addr:housenumber": "801",
        "addr:postcode": "94108",
        "addr:street": "Bush Street",
        "amenity": "bar",
        "check_date": "2023-07-10",
        "cocktails": "yes",
        "contact:facebook": "The-Summer-Place-Bar-102270325791700",
        "contact:instagram": "thesummerplacebar",
        "email": "hello@thesummerplacesf.com",
        "name": "The Summer Place",
        "opening_hours": "Mo-Fr 17:00-26:00; Sa,Su 12:00-26:00",
        "opening_hours:url": "https://thesummerplacesf.com/",
        "smoking": "no",
        "website": "https://thesummerplacesf.com/",
        "wheelchair": "yes"
      },
      "geometry": {
        "type": "Point",
        "coordinates": [
          -122.4105921,
          37.7898391
        ]
      },
      "id": "node/2249505473"
    },
    {
      "type": "Feature",
      "properties": {
        "@id": "node/2250378561",
        "addr:housenumber": "1326",
        "addr:street": "Grant Avenue",
        "amenity": "bar",
        "name": "Tope",
        "source": "+1 415-793-2120",
        "website": "http://www.topesf.com/"
      },
      "geometry": {
        "type": "Point",
        "coordinates": [
          -122.4073582,
          37.8001651
        ]
      },
      "id": "node/2250378561"
    },
    {
      "type": "Feature",
      "properties": {
        "@id": "node/2253031247",
        "addr:city": "San Francisco",
        "addr:housenumber": "397",
        "addr:state": "CA",
        "addr:street": "Ellis Street",
        "amenity": "bar",
        "name": "Cinnabar",
        "outdoor_seating": "no"
      },
      "geometry": {
        "type": "Point",
        "coordinates": [
          -122.4126504,
          37.7847871
        ]
      },
      "id": "node/2253031247"
    },
    {
      "type": "Feature",
      "properties": {
        "@id": "node/2259028667",
        "addr:city": "San Francisco",
        "addr:housenumber": "460",
        "addr:state": "CA",
        "addr:street": "Larkin Street",
        "amenity": "pub",
        "contact:facebook": "Shovels-Bar-101124368167456",
        "cuisine": "burger;hot_dog",
        "diet:vegan": "yes",
        "diet:vegetarian": "yes",
        "drink:beer": "yes",
        "drink:whisky": "yes",
        "food": "yes",
        "indoor_seating": "yes",
        "name": "Shovels Bar",
        "opening_hours:url": "Mo-Su 12:00-22:00",
        "phone": "+1 415 8298979",
        "sport": "billiards",
        "website": "https://shovelsbar.com/",
        "website:calendar": "http://shovelsbar.com/shovels-calendar/",
        "website:menu": "https://shovelsbar.com/menu/"
      },
      "geometry": {
        "type": "Point",
        "coordinates": [
          -122.4172138,
          37.7822886
        ]
      },
      "id": "node/2259028667"
    },
    {
      "type": "Feature",
      "properties": {
        "@id": "node/2287521548",
        "addr:housenumber": "1811",
        "addr:street": "Haight Street",
        "amenity": "bar",
        "check_date": "2026-03-11",
        "level": "0",
        "name": "Murio's Trophy Room",
        "wheelchair": "yes"
      },
      "geometry": {
        "type": "Point",
        "coordinates": [
          -122.4522109,
          37.7692181
        ]
      },
      "id": "node/2287521548"
    },
    {
      "type": "Feature",
      "properties": {
        "@id": "node/2287535863",
        "addr:housenumber": "1813",
        "addr:postcode": "94117",
        "addr:street": "Fulton Street",
        "amenity": "pub",
        "check_date": "2026-06-09",
        "level": "0",
        "name": "Bistro Gambrinus",
        "opening_hours": "15:00-22:00",
        "phone": "+1 415-221-7777",
        "website": "beerandgrill.com",
        "wheelchair": "yes"
      },
      "geometry": {
        "type": "Point",
        "coordinates": [
          -122.446947,
          37.7756308
        ]
      },
      "id": "node/2287535863"
    },
    {
      "type": "Feature",
      "properties": {
        "@id": "node/2294919268",
        "addr:city": "San Francisco",
        "addr:housenumber": "125",
        "addr:postcode": "94105",
        "addr:street": "3rd Street",
        "amenity": "bar",
        "name": "St. Regis Hotel Lobby Bar",
        "source": "Survey",
        "wheelchair": "yes"
      },
      "geometry": {
        "type": "Point",
        "coordinates": [
          -122.4013648,
          37.7860568
        ]
      },
      "id": "node/2294919268"
    },
    {
      "type": "Feature",
      "properties": {
        "@id": "node/2317662705",
        "addr:housenumber": "3158",
        "addr:street": "Mission Street",
        "amenity": "bar",
        "name": "El Rio",
        "phone": "+1-415-282-3325",
        "toilets:wheelchair": "no",
        "website": "https://www.elriosf.com/",
        "wheelchair": "limited"
      },
      "geometry": {
        "type": "Point",
        "coordinates": [
          -122.4193292,
          37.7467497
        ]
      },
      "id": "node/2317662705"
    },
    {
      "type": "Feature",
      "properties": {
        "@id": "node/2318141894",
        "addr:city": "San Francisco",
        "addr:housenumber": "456",
        "addr:postcode": "94114",
        "addr:state": "CA",
        "addr:street": "Castro Street",
        "amenity": "bar",
        "lgbtq": "primary",
        "name": "QBar",
        "phone": "+1-415-864-2877",
        "website": "https://qbar-sf.com/"
      },
      "geometry": {
        "type": "Point",
        "coordinates": [
          -122.4352611,
          37.7616024
        ]
      },
      "id": "node/2318141894"
    },
    {
      "type": "Feature",
      "properties": {
        "@id": "node/2318141907",
        "addr:city": "San Francisco",
        "addr:housenumber": "401",
        "addr:postcode": "94114",
        "addr:state": "CA",
        "addr:street": "Castro Street",
        "amenity": "bar",
        "check_date": "2022-11-15",
        "lgbtq": "primary",
        "name": "Twin Peaks Tavern",
        "not:brand:wikidata": "Q7858255",
        "phone": "+1 415-864-9470",
        "website": "https://twinpeakstavern.com/"
      },
      "geometry": {
        "type": "Point",
        "coordinates": [
          -122.434998,
          37.7624007
        ]
      },
      "id": "node/2318141907"
    },
    {
      "type": "Feature",
      "properties": {
        "@id": "node/2318141915",
        "addr:housenumber": "476",
        "addr:postcode": "94114",
        "addr:street": "Castro Street",
        "amenity": "bar",
        "name": "Blush! Wine Bar",
        "phone": "+1-415-558-0893",
        "website": "https://blushwinebar.com/"
      },
      "geometry": {
        "type": "Point",
        "coordinates": [
          -122.4352312,
          37.7612906
        ]
      },
      "id": "node/2318141915"
    },
    {
      "type": "Feature",
      "properties": {
        "@id": "node/2318159223",
        "addr:housenumber": "4092",
        "addr:postcode": "94114",
        "addr:street": "18th Street",
        "amenity": "bar",
        "name": "Copper",
        "wheelchair": "limited"
      },
      "geometry": {
        "type": "Point",
        "coordinates": [
          -122.434589,
          37.7610207
        ]
      },
      "id": "node/2318159223"
    },
    {
      "type": "Feature",
      "properties": {
        "@id": "node/2318796883",
        "addr:housenumber": "4149",
        "addr:postcode": "94114",
        "addr:street": "18th Street",
        "amenity": "bar",
        "check_date": "2023-06-08",
        "name": "The Edge",
        "phone": "+1-415-863-4027",
        "website": "https://edgesf.com/"
      },
      "geometry": {
        "type": "Point",
        "coordinates": [
          -122.4359987,
          37.7607436
        ]
      },
      "id": "node/2318796883"
    },
    {
      "type": "Feature",
      "properties": {
        "@id": "node/2321383079",
        "addr:housenumber": "4146",
        "addr:postcode": "94114",
        "addr:street": "18th Street",
        "amenity": "bar",
        "name": "Toad Hall",
        "phone": "+1-415-621-2811",
        "shop": "yes",
        "website": "https://toadhallbar.com/",
        "wheelchair": "yes"
      },
      "geometry": {
        "type": "Point",
        "coordinates": [
          -122.4358979,
          37.7609305
        ]
      },
      "id": "node/2321383079"
    },
    {
      "type": "Feature",
      "properties": {
        "@id": "node/2337741914",
        "addr:city": "San Francisco",
        "addr:country": "US",
        "addr:housenumber": "1151",
        "addr:postcode": "94103",
        "addr:state": "CA",
        "addr:street": "Folsom Street",
        "amenity": "bar",
        "check_date": "2024-03-31",
        "name": "Raven Bar",
        "opening_hours": "Th,Su 21:00-26:00; Fr-Sa 20:00-26:00",
        "wheelchair": "yes"
      },
      "geometry": {
        "type": "Point",
        "coordinates": [
          -122.4088971,
          37.7757691
        ]
      },
      "id": "node/2337741914"
    },
    {
      "type": "Feature",
      "properties": {
        "@id": "node/2340019960",
        "addr:city": "San Francisco",
        "addr:housenumber": "3131",
        "addr:street": "Fillmore Street",
        "amenity": "pub",
        "food": "yes",
        "name": "Cellar Door"
      },
      "geometry": {
        "type": "Point",
        "coordinates": [
          -122.435945,
          37.79842
        ]
      },
      "id": "node/2340019960"
    },
    {
      "type": "Feature",
      "properties": {
        "@id": "node/2343615613",
        "addr:housenumber": "115",
        "addr:postcode": "94102",
        "addr:street": "Mason Street",
        "amenity": "bar",
        "name": "Union Square Sports Bar"
      },
      "geometry": {
        "type": "Point",
        "coordinates": [
          -122.409519,
          37.7846208
        ]
      },
      "id": "node/2343615613"
    },
    {
      "type": "Feature",
      "properties": {
        "@id": "node/2454979580",
        "addr:city": "San Francisco",
        "addr:housenumber": "2140",
        "addr:postcode": "94110",
        "addr:street": "Mission Street",
        "amenity": "bar",
        "cuisine": "american",
        "email": "info@thesycamoresf.com",
        "name": "The Sycamore",
        "opening_hours": "Mo-Su 11:30-00:00",
        "phone": "+1-415-252-7704",
        "website": "https://www.thesycamoresf.com/"
      },
      "geometry": {
        "type": "Point",
        "coordinates": [
          -122.4196292,
          37.762774
        ]
      },
      "id": "node/2454979580"
    },
    {
      "type": "Feature",
      "properties": {
        "@id": "node/2538427496",
        "amenity": "pub",
        "bicycle_parking": "yes",
        "diet:vegan": "yes",
        "name": "Bender's Bar and Grill",
        "wheelchair": "limited"
      },
      "geometry": {
        "type": "Point",
        "coordinates": [
          -122.4171637,
          37.7602344
        ]
      },
      "id": "node/2538427496"
    },
    {
      "type": "Feature",
      "properties": {
        "@id": "node/2624201223",
        "addr:city": "San Francisco",
        "addr:housenumber": "2247",
        "addr:postcode": "94114",
        "addr:street": "Market Street",
        "amenity": "pub",
        "check_date": "2026-03-29",
        "check_date:opening_hours": "2026-03-29",
        "lgbtq": "primary",
        "name": "Hi Tops",
        "opening_hours": "Mo-We 12:00-00:00; Th-Fr 12:00-02:00; Sa 10:00-02:00; Su 10:00-00:00",
        "outdoor_seating": "yes",
        "website": "https://hitopsbar.com/san-francisco/"
      },
      "geometry": {
        "type": "Point",
        "coordinates": [
          -122.4318228,
          37.7649986
        ]
      },
      "id": "node/2624201223"
    },
    {
      "type": "Feature",
      "properties": {
        "@id": "node/2624201225",
        "addr:city": "San Francisco",
        "addr:housenumber": "2295",
        "addr:postcode": "94114",
        "addr:street": "Market Street",
        "amenity": "bar",
        "check_date": "2025-02-10",
        "cuisine": "mexican;salvadorean",
        "name": "Bar 49"
      },
      "geometry": {
        "type": "Point",
        "coordinates": [
          -122.432524,
          37.7644304
        ]
      },
      "id": "node/2624201225"
    },
    {
      "type": "Feature",
      "properties": {
        "@id": "node/2624201230",
        "addr:city": "San Francisco",
        "addr:postcode": "94114",
        "addr:street": "18th Street",
        "amenity": "bar",
        "name": "The Mix",
        "wheelchair": "yes"
      },
      "geometry": {
        "type": "Point",
        "coordinates": [
          -122.434509,
          37.7610642
        ]
      },
      "id": "node/2624201230"
    },
    {
      "type": "Feature",
      "properties": {
        "@id": "node/2627676156",
        "addr:city": "San Francisco",
        "addr:housenumber": "3202",
        "addr:postcode": "94110",
        "addr:street": "Mission Street",
        "amenity": "bar",
        "name": "Royal Cuckoo",
        "opening_hours": "Mo-Th 16:00-02:00, Fr,Sa 15:00-02:00",
        "phone": "+1-415-550-8667",
        "source": "website"
      },
      "geometry": {
        "type": "Point",
        "coordinates": [
          -122.4202055,
          37.7453905
        ]
      },
      "id": "node/2627676156"
    },
    {
      "type": "Feature",
      "properties": {
        "@id": "node/2629113680",
        "addr:city": "San Francisco",
        "addr:housenumber": "3801",
        "addr:postcode": "94114",
        "addr:street": "18th Street",
        "amenity": "bar",
        "cuisine": "empanada",
        "name": "Cervecería de MateVeza",
        "opening_hours": "Mo-Fr 15:00-21:00; Sa,Su 12:00-21:00",
        "website": "http://cerveceriasf.com/"
      },
      "geometry": {
        "type": "Point",
        "coordinates": [
          -122.4285438,
          37.761163
        ]
      },
      "id": "node/2629113680"
    },
    {
      "type": "Feature",
      "properties": {
        "@id": "node/2655525665",
        "addr:city": "San Francisco",
        "addr:housenumber": "3129",
        "addr:postcode": "94121",
        "addr:street": "Clement Street",
        "amenity": "bar",
        "check_date": "2025-10-26",
        "karaoke": "yes",
        "level": "0",
        "name": "Goemon Izakaya"
      },
      "geometry": {
        "type": "Point",
        "coordinates": [
          -122.4929563,
          37.7815231
        ]
      },
      "id": "node/2655525665"
    },
    {
      "type": "Feature",
      "properties": {
        "@id": "node/2657881653",
        "addr:city": "San Francisco",
        "addr:housename": "Hobart Building",
        "addr:housenumber": "582",
        "addr:postcode": "94104",
        "addr:state": "CA",
        "addr:street": "Market Street",
        "amenity": "bar",
        "name": "Variety Club Preview Room"
      },
      "geometry": {
        "type": "Point",
        "coordinates": [
          -122.4015992,
          37.7896193
        ]
      },
      "id": "node/2657881653"
    },
    {
      "type": "Feature",
      "properties": {
        "@id": "node/2698395558",
        "addr:city": "San Francisco",
        "addr:housenumber": "1423",
        "addr:postcode": "94109",
        "addr:state": "CA",
        "addr:street": "Polk Street",
        "amenity": "bar",
        "cocktails": "yes",
        "contact:facebook": "hilosf",
        "contact:instagram": "sf_hiloclub",
        "contact:twitter": "hilosf",
        "drink:beer": "yes",
        "drink:wine": "yes",
        "email": "hilo.sf@gmail.com",
        "indoor_seating": "yes",
        "name": "Hi-Lo Club",
        "opening_hours": "Tu-Su 16:00-24:00",
        "opening_hours:url": "https://www.hilosf.com/",
        "outdoor_seating": "parklet",
        "website": "https://www.hilosf.com/",
        "wheelchair": "yes"
      },
      "geometry": {
        "type": "Point",
        "coordinates": [
          -122.4206855,
          37.7899499
        ]
      },
      "id": "node/2698395558"
    },
    {
      "type": "Feature",
      "properties": {
        "@id": "node/2724725641",
        "addr:city": "San Francisco",
        "addr:country": "US",
        "addr:housename": "Cesar Chavez Student Center: Lower Conference Level",
        "addr:housenumber": "1650",
        "addr:postcode": "94132",
        "addr:state": "CA",
        "addr:street": "Holloway Avenue",
        "addr:unit": "Suite C-134",
        "amenity": "bar",
        "name": "The PUB@SFSU",
        "opening_hours": "Mo-Th 11:30-21:00; Fr 11:30-18:30",
        "phone": "+1 415-338-3487",
        "website": "https://www.yelp.com/biz/the-pub-at-sfsu-san-francisco",
        "wheelchair": "yes"
      },
      "geometry": {
        "type": "Point",
        "coordinates": [
          -122.4788561,
          37.7221622
        ]
      },
      "id": "node/2724725641"
    },
    {
      "type": "Feature",
      "properties": {
        "@id": "node/2750810774",
        "addr:city": "San Francisco",
        "addr:postcode": "94123",
        "addr:street": "Fillmore Street",
        "amenity": "bar",
        "name": "Mauna Loa Cocktails"
      },
      "geometry": {
        "type": "Point",
        "coordinates": [
          -122.4356968,
          37.7973699
        ]
      },
      "id": "node/2750810774"
    },
    {
      "type": "Feature",
      "properties": {
        "@id": "node/2879135417",
        "addr:city": "San Francisco",
        "addr:housenumber": "1398",
        "addr:postcode": "94110",
        "addr:state": "CA",
        "addr:street": "South Van Ness Avenue",
        "amenity": "bar",
        "atm": "yes",
        "check_date": "2025-01-21",
        "name": "The Phone Booth",
        "outdoor_seating": "no",
        "phone": "+1-415-648-4683",
        "smoking": "separated"
      },
      "geometry": {
        "type": "Point",
        "coordinates": [
          -122.4162912,
          37.7508668
        ]
      },
      "id": "node/2879135417"
    },
    {
      "type": "Feature",
      "properties": {
        "@id": "node/2879135420",
        "amenity": "bar",
        "name": "Pandora Karaoke Bar",
        "smoking": "no"
      },
      "geometry": {
        "type": "Point",
        "coordinates": [
          -122.4105077,
          37.7841206
        ]
      },
      "id": "node/2879135420"
    },
    {
      "type": "Feature",
      "properties": {
        "@id": "node/2941409392",
        "addr:city": "San Francisco",
        "addr:housenumber": "246",
        "addr:postcode": "94108",
        "addr:state": "CA",
        "addr:street": "Kearny Street",
        "amenity": "bar",
        "cocktails": "yes",
        "contact:facebook": "rickhousebar",
        "contact:instagram": "rickhousebar",
        "contact:twitter": "rickhouse",
        "email": "info@rickhousebar.com",
        "indoor_seating": "yes",
        "name": "Rickhouse",
        "opening_hours": "Su,Mo off; Tu,We 16:30-24:00; Th-Sa 16:30-26:00",
        "opening_hours:url": "https://www.rickhousebar.com/",
        "outdoor_seating": "no",
        "phone": "+1 415 3982827",
        "smoking": "no",
        "website": "https://www.rickhousebar.com/"
      },
      "geometry": {
        "type": "Point",
        "coordinates": [
          -122.403818,
          37.7904964
        ]
      },
      "id": "node/2941409392"
    },
    {
      "type": "Feature",
      "properties": {
        "@id": "node/2963068433",
        "addr:city": "San Francisco",
        "addr:housenumber": "2155",
        "addr:postcode": "94109",
        "addr:street": "Polk Street",
        "amenity": "pub",
        "name": "The Buccaneer"
      },
      "geometry": {
        "type": "Point",
        "coordinates": [
          -122.422051,
          37.7966476
        ]
      },
      "id": "node/2963068433"
    },
    {
      "type": "Feature",
      "properties": {
        "@id": "node/3018753922",
        "addr:city": "San Francisco",
        "addr:housenumber": "1754",
        "addr:street": "Polk Street",
        "amenity": "bar",
        "name": "Amélie"
      },
      "geometry": {
        "type": "Point",
        "coordinates": [
          -122.421082,
          37.7931005
        ]
      },
      "id": "node/3018753922"
    },
    {
      "type": "Feature",
      "properties": {
        "@id": "node/3061387376",
        "addr:city": "San Francisco",
        "addr:housenumber": "691",
        "addr:street": "Market Street",
        "amenity": "bar",
        "check_date": "2026-05-14",
        "cocktails": "yes",
        "contact:facebook": "localeditionsf",
        "contact:instagram": "localeditionsf",
        "contact:twitter": "LocalEditionSf",
        "drink:beer": "yes",
        "drink:wine": "yes",
        "email": "host@localeditionsf.com",
        "food": "no",
        "indoor_seating": "yes",
        "level": "0;-1",
        "live_music": "yes",
        "name": "Local Edition",
        "opening_hours": "Tu-Th 16:30-24:00; Fr 16:30-26:00; Sa 18:00-26:00; Su,Mo off",
        "opening_hours:signed": "no",
        "opening_hours:url": "https://www.localeditionsf.com/",
        "outdoor_seating": "no",
        "phone": "+1 415 7951375",
        "reservation": "yes",
        "smoking": "no",
        "website": "https://www.localeditionsf.com/",
        "wheelchair": "yes",
        "wheelchair:description:en": "There's an elevator available to go downstairs"
      },
      "geometry": {
        "type": "Point",
        "coordinates": [
          -122.4032007,
          37.7875747
        ]
      },
      "id": "node/3061387376"
    },
    {
      "type": "Feature",
      "properties": {
        "@id": "node/3214153061",
        "addr:housenumber": "424",
        "addr:postcode": "94110",
        "addr:street": "Cortland Avenue",
        "amenity": "bar",
        "name": "Wild Side West",
        "opening_hours": "Mo-Su 14:00-02:00",
        "phone": "+1-415-647-3099",
        "sport": "billiards",
        "website": "https://www.wildsidewest.com/",
        "wikidata": "Q107371268"
      },
      "geometry": {
        "type": "Point",
        "coordinates": [
          -122.4171535,
          37.7390299
        ]
      },
      "id": "node/3214153061"
    },
    {
      "type": "Feature",
      "properties": {
        "@id": "node/3275185914",
        "addr:city": "San Francisco",
        "addr:housenumber": "1312",
        "addr:postcode": "94117",
        "addr:state": "CA",
        "addr:street": "Haight Street",
        "amenity": "bar",
        "check_date": "2026-05-22",
        "level": "0",
        "name": "Sunshine Coast: Hookah Fusion Bar",
        "payment:litecoin": "yes",
        "phone": "+1-415-255-6002",
        "website": "http://sunshinecoastsf.com",
        "wheelchair": "yes"
      },
      "geometry": {
        "type": "Point",
        "coordinates": [
          -122.443983,
          37.7704969
        ]
      },
      "id": "node/3275185914"
    },
    {
      "type": "Feature",
      "properties": {
        "@id": "node/3279458748",
        "addr:city": "San Francisco",
        "addr:housenumber": "2730",
        "addr:postcode": "94110",
        "addr:state": "CA",
        "addr:street": "21st Street",
        "amenity": "bar",
        "check_date": "2023-02-09",
        "email": "info@asientosf.com",
        "internet_access": "wlan",
        "internet_access:fee": "customers",
        "name": "Asiento",
        "opening_hours": "Mo-We 17:00-22:00; Th 17:00-23:00; Fr-Sa 17:00-02:00; Su off",
        "payment:litecoin": "yes",
        "payment:mastercard": "yes",
        "payment:visa": "yes",
        "phone": "+1-415-829-3375",
        "website": "https://asientosf.com/",
        "wheelchair": "yes"
      },
      "geometry": {
        "type": "Point",
        "coordinates": [
          -122.409452,
          37.7577226
        ]
      },
      "id": "node/3279458748"
    },
    {
      "type": "Feature",
      "properties": {
        "@id": "node/3376884814",
        "amenity": "bar",
        "name": "Geneva Pub",
        "smoking": "outside"
      },
      "geometry": {
        "type": "Point",
        "coordinates": [
          -122.4364796,
          37.7141742
        ]
      },
      "id": "node/3376884814"
    },
    {
      "type": "Feature",
      "properties": {
        "@id": "node/3379321525",
        "amenity": "bar",
        "craft": "winery",
        "name": "Nectar Wine Lounge",
        "opening_hours": "Mo-Th 17:00-22:30;Fr-Sa 17:00-00:00;Su 17:00-22:00",
        "phone": "+1 415-345-1377",
        "website": "https://www.nectarwinelounge.com/"
      },
      "geometry": {
        "type": "Point",
        "coordinates": [
          -122.437654,
          37.8001664
        ]
      },
      "id": "node/3379321525"
    },
    {
      "type": "Feature",
      "properties": {
        "@id": "node/3379996811",
        "amenity": "bar",
        "name": "Campus - San Francisco",
        "opening_hours": "Mo-Fr 16:00-01:00; Sa 11:00-01:00; Su 10:00-01:00",
        "phone": "+1-415-896-4110",
        "website": "http://www.campussf.com/"
      },
      "geometry": {
        "type": "Point",
        "coordinates": [
          -122.4402624,
          37.8002095
        ]
      },
      "id": "node/3379996811"
    },
    {
      "type": "Feature",
      "properties": {
        "@id": "node/3388665493",
        "addr:city": "San Francisco",
        "addr:country": "US",
        "addr:housenumber": "581",
        "addr:postcode": "94102",
        "addr:state": "CA",
        "addr:street": "Hayes Street",
        "amenity": "bar",
        "check_date": "2026-06-25",
        "level": "0",
        "microbrewery": "no",
        "name": "Gambit Lounge",
        "old_name": "Noir Lounge",
        "outdoor_seating": "yes",
        "takeaway": "no",
        "wheelchair": "yes"
      },
      "geometry": {
        "type": "Point",
        "coordinates": [
          -122.42589,
          37.77638
        ]
      },
      "id": "node/3388665493"
    },
    {
      "type": "Feature",
      "properties": {
        "@id": "node/3393396123",
        "addr:city": "San Francisco",
        "addr:housenumber": "550",
        "addr:postcode": "94108",
        "addr:state": "CA",
        "addr:street": "Powell Street",
        "amenity": "pub",
        "check_date": "2025-04-03",
        "cocktails": "yes",
        "contact:facebook": "lastdroptavernsf",
        "contact:instagram": "lastdroptavernsf",
        "cuisine": "wings;burger;fish_and_chips;salad",
        "drink:beer": "yes",
        "drink:wine": "yes",
        "email": "nan@lastdroptavernsf.com",
        "food": "yes",
        "name": "Last Drop Tavern",
        "note": "The \"nan\" email address seems weird.",
        "opening_hours": "Mo-Su 16:00-26:00",
        "opening_hours:url": "https://www.lastdroptavernsf.com/",
        "phone": "+1 415 9897131",
        "website": "https://www.lastdroptavernsf.com/",
        "website:menu": "https://www.lastdroptavernsf.com/menu"
      },
      "geometry": {
        "type": "Point",
        "coordinates": [
          -122.4086344,
          37.7899317
        ]
      },
      "id": "node/3393396123"
    },
    {
      "type": "Feature",
      "properties": {
        "@id": "node/3408837756",
        "addr:city": "San Francisco",
        "addr:housenumber": "323",
        "addr:postcode": "94108",
        "addr:state": "CA",
        "addr:street": "Grant Avenue",
        "amenity": "bar",
        "check_date": "2026-04-25",
        "cocktails": "yes",
        "contact:facebook": "Sool-Bar-Lounge-104115758536065",
        "contact:instagram": "soolbar.sf",
        "contact:yelp": "https://www.yelp.com/biz/sool-bar-and-lounge-san-francisco",
        "drink:beer": "yes",
        "drink:sake": "no",
        "drink:soju": "yes",
        "drink:whisky": "yes",
        "drink:wine": "yes",
        "email": "soolbar@soolsf.com",
        "food": "yes",
        "happy_hours": "Tu-Sa 17:00-19:00",
        "indoor_seating": "yes",
        "live_music": "yes",
        "name": "Sool Bar and Lounge",
        "name:ko": "술",
        "note:food": "Food is delivered by neighboring E&O Kitchen",
        "opening_hours": "Mo-Tu 17:00-24:00; Fr-Sa 17:00-02:00; Su 17:00-24:00",
        "opening_hours:kitchen": "Tu-Sa 17:00-21:00",
        "opening_hours:url": "https://www.soolsf.com/",
        "outdoor_seating": "no",
        "payment:cash": "yes",
        "payment:credit_cards": "yes",
        "phone": "+1 415 3514149",
        "toilets": "yes",
        "toilets:access": "customers",
        "toilets:wheelchair": "no",
        "website": "https://www.soolsf.com/",
        "website:calendar": "https://www.soolsf.com/events",
        "website:menu": "https://www.soolsf.com/menu",
        "wheelchair": "limited",
        "wheelchair:description": "Small step to the entrance. Restrooms and karaoke rooms upstairs are not wheelchair accessible."
      },
      "geometry": {
        "type": "Point",
        "coordinates": [
          -122.4056559,
          37.7900206
        ]
      },
      "id": "node/3408837756"
    },
    {
      "type": "Feature",
      "properties": {
        "@id": "node/3441484302",
        "addr:city": "San Francisco",
        "addr:housenumber": "80",
        "addr:street": "29th Street",
        "amenity": "bar",
        "name": "Rock Bar",
        "website": "https://rockbarsf.com/"
      },
      "geometry": {
        "type": "Point",
        "coordinates": [
          -122.4220729,
          37.7440923
        ]
      },
      "id": "node/3441484302"
    },
    {
      "type": "Feature",
      "properties": {
        "@id": "node/3455071284",
        "addr:city": "San Francisco",
        "addr:housenumber": "2255",
        "addr:postcode": "94109",
        "addr:state": "CA",
        "addr:street": "Polk Street",
        "amenity": "pub",
        "name": "Woods Polk Station",
        "opening_hours": "Mo-We 17:00-22:00;Th 17:00-24:00;Fr-Sa 12:00-01:00;Su 12:00-22:00"
      },
      "geometry": {
        "type": "Point",
        "coordinates": [
          -122.4222726,
          37.7976947
        ]
      },
      "id": "node/3455071284"
    },
    {
      "type": "Feature",
      "properties": {
        "@id": "node/3455075359",
        "addr:city": "San Francisco",
        "addr:housenumber": "690",
        "addr:street": "Folsom Street",
        "amenity": "bar",
        "name": "SPiN SF",
        "opening_hours": "Mo-Th 11:00-24:00; Fr-Sa 11:00-02:00; Su 11:00-20:00",
        "source": "http://sanfrancisco.wearespin.com/",
        "sport": "table_tennis",
        "website": "http://sanfrancisco.wearespin.com/",
        "wheelchair": "yes"
      },
      "geometry": {
        "type": "Point",
        "coordinates": [
          -122.3992108,
          37.7841938
        ]
      },
      "id": "node/3455075359"
    },
    {
      "type": "Feature",
      "properties": {
        "@id": "node/3458525149",
        "addr:housenumber": "488",
        "addr:street": "Hayes Street",
        "addr:unit": "A",
        "amenity": "bar",
        "check_date": "2026-06-25",
        "name": "Brass Tacks"
      },
      "geometry": {
        "type": "Point",
        "coordinates": [
          -122.4243782,
          37.7768231
        ]
      },
      "id": "node/3458525149"
    },
    {
      "type": "Feature",
      "properties": {
        "@id": "node/3540161001",
        "addr:city": "San Francisco",
        "addr:country": "US",
        "addr:housenumber": "179",
        "addr:postcode": "94127",
        "addr:state": "CA",
        "addr:street": "West Portal Avenue",
        "amenity": "bar",
        "name": "The Sherwood Cocktails and Lounge",
        "opening_hours": "Fr-Sa 16:00-01:00; Tu-Th 16:00-23:00; Su 13:00-20:00; Mo 16:00-18:00",
        "outdoor_seating": "no",
        "phone": "+1-415-742-4035",
        "website": "https://sherwoodsf.com/"
      },
      "geometry": {
        "type": "Point",
        "coordinates": [
          -122.4676699,
          37.7389501
        ]
      },
      "id": "node/3540161001"
    },
    {
      "type": "Feature",
      "properties": {
        "@id": "node/3540255593",
        "addr:city": "San Francisco",
        "addr:country": "US",
        "addr:housenumber": "46",
        "addr:postcode": "94127",
        "addr:state": "CA",
        "addr:street": "West Portal Avenue",
        "amenity": "bar",
        "name": "McCarthy‘s Irish Bar",
        "outdoor_seating": "no"
      },
      "geometry": {
        "type": "Point",
        "coordinates": [
          -122.466539,
          37.740405
        ]
      },
      "id": "node/3540255593"
    },
    {
      "type": "Feature",
      "properties": {
        "@id": "node/3545345699",
        "addr:city": "San Francisco",
        "addr:country": "US",
        "addr:housenumber": "749",
        "addr:postcode": "94127",
        "addr:state": "CA",
        "addr:street": "Portola Drive",
        "amenity": "bar",
        "name": "Miraloma Club",
        "outdoor_seating": "no"
      },
      "geometry": {
        "type": "Point",
        "coordinates": [
          -122.4536779,
          37.7438818
        ]
      },
      "id": "node/3545345699"
    },
    {
      "type": "Feature",
      "properties": {
        "@id": "node/3562957694",
        "addr:city": "San Francisco",
        "addr:housenumber": "1355",
        "addr:postcode": "94116",
        "addr:state": "CA",
        "addr:street": "Taraval Street",
        "amenity": "bar",
        "name": "Dragon Lounge",
        "phone": "+1 415 566-7700",
        "shop": "mobile_phone"
      },
      "geometry": {
        "type": "Point",
        "coordinates": [
          -122.4809329,
          37.742708
        ]
      },
      "id": "node/3562957694"
    },
    {
      "type": "Feature",
      "properties": {
        "@id": "node/3577376253",
        "addr:city": "San Francisco",
        "addr:housenumber": "1600",
        "addr:street": "Dolores Street",
        "amenity": "bar",
        "name": "The Bar on Dolores",
        "opening_hours": "Mo-Sa 15:00-02:00, Fr 14:00-02:00, Sa 09:00-02:00,09:30-02:00"
      },
      "geometry": {
        "type": "Point",
        "coordinates": [
          -122.4246216,
          37.7437445
        ]
      },
      "id": "node/3577376253"
    },
    {
      "type": "Feature",
      "properties": {
        "@id": "node/3611822692",
        "addr:city": "San Francisco",
        "addr:country": "US",
        "addr:housenumber": "1332",
        "addr:postcode": "94109",
        "addr:state": "CA",
        "addr:street": "Van Ness Avenue",
        "amenity": "bar",
        "check_date": "2024-10-25",
        "cocktails": "yes",
        "contact:facebook": "https://www.facebook.com/route101sf/",
        "contact:phone": "+1-415-874-9360",
        "drink:wine": "yes",
        "lgbtq": "welcome",
        "name": "Route 101",
        "opening_hours": "Mo-Fr 18:00-02:00; Sa,Su 13:00-02:00",
        "sport": "billiards",
        "toilets": "yes",
        "toilets:wheelchair": "yes"
      },
      "geometry": {
        "type": "Point",
        "coordinates": [
          -122.421632,
          37.7881229
        ]
      },
      "id": "node/3611822692"
    },
    {
      "type": "Feature",
      "properties": {
        "@id": "node/3622464002",
        "addr:city": "San Francisco",
        "addr:country": "US",
        "addr:housenumber": "824",
        "addr:postcode": "94127",
        "addr:state": "CA",
        "addr:street": "Ulloa Street",
        "amenity": "bar",
        "check_date": "2024-03-10",
        "name": "Philosophers Club"
      },
      "geometry": {
        "type": "Point",
        "coordinates": [
          -122.4654436,
          37.7408294
        ]
      },
      "id": "node/3622464002"
    },
    {
      "type": "Feature",
      "properties": {
        "@id": "node/3634308480",
        "addr:city": "San Francisco",
        "addr:housenumber": "734",
        "addr:postcode": "94122",
        "addr:street": "Irving Street",
        "amenity": "bar",
        "check_date": "2026-01-13",
        "level": "0",
        "name": "Yancy's Saloon",
        "phone": "+1 415 665 6551",
        "wheelchair": "yes"
      },
      "geometry": {
        "type": "Point",
        "coordinates": [
          -122.4658639,
          37.7641987
        ]
      },
      "id": "node/3634308480"
    },
    {
      "type": "Feature",
      "properties": {
        "@id": "node/3637499305",
        "addr:city": "San Francisco",
        "addr:housenumber": "449",
        "addr:postcode": "94102",
        "addr:state": "CA",
        "addr:street": "Powell Street",
        "amenity": "pub",
        "check_date": "2025-03-20",
        "contact:facebook": "GoldenGateTapRoom",
        "contact:instagram": "sf_ggtaproom",
        "contact:twitter": "GGTapRoom",
        "contact:yelp": "https://www.yelp.com/biz/golden-gate-tap-room-san-francisco",
        "cuisine": "wings;burger;sandwich;salad;tacos",
        "diet:vegetarian": "yes",
        "drink:beer": "yes",
        "drink:wine": "yes",
        "email": "info@ggtaproom.com",
        "food": "yes",
        "indoor_seating": "yes",
        "internet_access": "wlan",
        "internet_access:fee": "no",
        "leisure": "amusement_arcade",
        "level": "2",
        "name": "Golden Gate Tap Room",
        "opening_hours": "Mo-Th, Su 12:00-24:00; Fr, Sa 12:00-26:00",
        "opening_hours:url": "https://www.ggtaproom.com/",
        "outdoor_seating": "no",
        "phone": "+1 415 6779999",
        "reservation": "yes",
        "sport": "billiards",
        "toilets": "yes",
        "toilets:unisex": "no",
        "toilets:wheelchair": "yes",
        "website": "https://www.ggtaproom.com/",
        "website:menu": "https://www.ggtaproom.com/food-drink",
        "wheelchair": "yes"
      },
      "geometry": {
        "type": "Point",
        "coordinates": [
          -122.408703,
          37.78893
        ]
      },
      "id": "node/3637499305"
    },
    {
      "type": "Feature",
      "properties": {
        "@id": "node/3641760242",
        "addr:city": "San Francisco",
        "addr:housenumber": "140",
        "addr:postcode": "94105",
        "addr:state": "CA",
        "addr:street": "New Montgomery Street",
        "amenity": "bar",
        "check_date": "2026-05-16",
        "check_date:opening_hours": "2026-05-16",
        "cuisine": "fine_dining;japanese",
        "level": "0",
        "name": "Shoji",
        "opening_hours": "Tu-Sa 16:30-23:00",
        "outdoor_seating": "yes",
        "phone": "+16282331533",
        "website": "https://www.theshojisf.com/",
        "website:menu": "https://www.theshojisf.com/gallery"
      },
      "geometry": {
        "type": "Point",
        "coordinates": [
          -122.3997471,
          37.7866435
        ]
      },
      "id": "node/3641760242"
    },
    {
      "type": "Feature",
      "properties": {
        "@id": "node/3642082213",
        "addr:city": "San Francisco",
        "addr:housenumber": "662",
        "addr:postcode": "94105",
        "addr:state": "CA",
        "addr:street": "Mission Street",
        "amenity": "bar",
        "check_date": "2022-02-03",
        "contact:facebook": "novelabarsf",
        "contact:instagram": "novelabarsf",
        "contact:twitter": "novelabarsf",
        "email": "info@novelasf.com",
        "food": "yes",
        "name": "Novela",
        "opening_hours": "Su,Mo-We 17:00-24:00; Th-Sa 17:00-26:00",
        "opening_hours:url": "https://www.novelasf.com/",
        "phone": "+1 415 8966500",
        "website": "https://www.novelasf.com/",
        "wheelchair": "yes"
      },
      "geometry": {
        "type": "Point",
        "coordinates": [
          -122.4013107,
          37.787049
        ]
      },
      "id": "node/3642082213"
    },
    {
      "type": "Feature",
      "properties": {
        "@id": "node/3642090340",
        "addr:city": "San Francisco",
        "addr:housenumber": "90",
        "addr:postcode": "94105",
        "addr:state": "CA",
        "addr:street": "Natoma Street",
        "amenity": "bar",
        "check_date": "2023-09-30",
        "name": "Natoma Cabana",
        "website": "https://www.natomacabana.com/"
      },
      "geometry": {
        "type": "Point",
        "coordinates": [
          -122.3985473,
          37.7875676
        ]
      },
      "id": "node/3642090340"
    },
    {
      "type": "Feature",
      "properties": {
        "@id": "node/3658310528",
        "addr:city": "San Francisco",
        "addr:country": "US",
        "addr:housenumber": "1315",
        "addr:postcode": "94122",
        "addr:state": "CA",
        "addr:street": "9th Avenue",
        "amenity": "bar",
        "check_date": "2026-05-21",
        "level": "0",
        "min_age": "21",
        "name": "Mucky Duck",
        "opening_hours": "Mo-Th 13:00-02:00; Fr 12:00-02:00; Sa-Su 11:00-02:00",
        "wheelchair": "yes"
      },
      "geometry": {
        "type": "Point",
        "coordinates": [
          -122.4664518,
          37.7637154
        ]
      },
      "id": "node/3658310528"
    },
    {
      "type": "Feature",
      "properties": {
        "@id": "node/3663976016",
        "addr:city": "San Francisco",
        "addr:housenumber": "3394",
        "addr:street": "22nd Street",
        "amenity": "bar",
        "name": "Lone Palm"
      },
      "geometry": {
        "type": "Point",
        "coordinates": [
          -122.4229151,
          37.7552947
        ]
      },
      "id": "node/3663976016"
    },
    {
      "type": "Feature",
      "properties": {
        "@id": "node/3667700926",
        "addr:city": "San Francisco",
        "addr:country": "US",
        "addr:housenumber": "534",
        "addr:postcode": "94122",
        "addr:state": "CA",
        "addr:street": "Irving Street",
        "amenity": "bar",
        "check_date": "2026-01-13",
        "level": "0",
        "name": "Foghorn Taproom",
        "opening_hours": "Mo-Th,Su 11:30-21:00; Fr-Sa 11:30-22:00",
        "wheelchair": "yes"
      },
      "geometry": {
        "type": "Point",
        "coordinates": [
          -122.4637059,
          37.7642843
        ]
      },
      "id": "node/3667700926"
    },
    {
      "type": "Feature",
      "properties": {
        "@id": "node/3667880931",
        "addr:city": "San Francisco",
        "addr:housenumber": "603",
        "addr:postcode": "94122",
        "addr:state": "CA",
        "addr:street": "Irving Street",
        "amenity": "bar",
        "check_date": "2025-12-21",
        "level": "0",
        "name": "Fireside Bar",
        "opening_hours": "Mo 14:00-02:00; Tu 14:00-02:00; We 14:00-02:00; Th 14:00-02:00; Fr 14:00-02:00; Sa 13:00-02:00; Su 13:00-02:00",
        "outdoor_seating": "yes",
        "wheelchair": "yes"
      },
      "geometry": {
        "type": "Point",
        "coordinates": [
          -122.4643912,
          37.7639974
        ]
      },
      "id": "node/3667880931"
    },
    {
      "type": "Feature",
      "properties": {
        "@id": "node/3674255693",
        "addr:city": "San Francisco",
        "addr:country": "US",
        "addr:housenumber": "807",
        "addr:postcode": "94122",
        "addr:state": "CA",
        "addr:street": "Lincoln Way",
        "amenity": "pub",
        "check_date": "2026-07-14",
        "level": "0",
        "name": "The Little Shamrock",
        "wheelchair": "yes",
        "wikidata": "Q20968932"
      },
      "geometry": {
        "type": "Point",
        "coordinates": [
          -122.4667058,
          37.7657847
        ]
      },
      "id": "node/3674255693"
    },
    {
      "type": "Feature",
      "properties": {
        "@id": "node/3675574681",
        "addr:city": "San Francisco",
        "addr:housenumber": "699",
        "addr:state": "CA",
        "addr:street": "O'Farrell Street",
        "amenity": "bar",
        "check_date": "2023-08-17",
        "name": "The Nite Cap",
        "opening_hours": "13:00-02:00",
        "smoking": "outside"
      },
      "geometry": {
        "type": "Point",
        "coordinates": [
          -122.4161155,
          37.7853121
        ]
      },
      "id": "node/3675574681"
    },
    {
      "type": "Feature",
      "properties": {
        "@id": "node/3684500782",
        "addr:city": "San Francisco",
        "addr:housenumber": "4049",
        "addr:state": "CA",
        "addr:street": "18th Street",
        "amenity": "bar",
        "check_date": "2026-05-24",
        "lgbtq": "primary",
        "name": "Moby Dick",
        "phone": "+1-415-294-0731",
        "website": "https://www.facebook.com/MobyDickBar/"
      },
      "geometry": {
        "type": "Point",
        "coordinates": [
          -122.4337728,
          37.7608676
        ]
      },
      "id": "node/3684500782"
    },
    {
      "type": "Feature",
      "properties": {
        "@id": "node/3702219079",
        "addr:city": "San Francisco",
        "addr:housenumber": "1534",
        "addr:postcode": "94133",
        "addr:state": "CA",
        "addr:street": "Stockton Street",
        "amenity": "bar",
        "name": "Tony Nik's Cafe",
        "opening_hours": "Mo-Fr 16:00-02:00; Sa-Su 14:00-02:00",
        "website": "https://tonyniks.com/"
      },
      "geometry": {
        "type": "Point",
        "coordinates": [
          -122.408984,
          37.8000247
        ]
      },
      "id": "node/3702219079"
    },
    {
      "type": "Feature",
      "properties": {
        "@id": "node/3790822673",
        "addr:city": "San Francisco",
        "addr:housenumber": "937",
        "addr:postcode": "94117",
        "addr:state": "CA",
        "addr:street": "Cole Street",
        "amenity": "pub",
        "check_date": "2026-07-07",
        "check_date:opening_hours": "2026-07-07",
        "name": "Finnegans Wake",
        "opening_hours": "Mo-Sa 11:30-02:00, Su 10:00-24:00"
      },
      "geometry": {
        "type": "Point",
        "coordinates": [
          -122.4500311,
          37.7653081
        ]
      },
      "id": "node/3790822673"
    },
    {
      "type": "Feature",
      "properties": {
        "@id": "node/3799946959",
        "addr:city": "San Francisco",
        "addr:housenumber": "2140",
        "addr:postcode": "94123",
        "addr:street": "Union Street",
        "amenity": "bar",
        "food": "yes",
        "internet_access": "wlan",
        "name": "The Brixton",
        "outdoor_seating": "yes",
        "phone": "+1-415-409-1114",
        "website": "https://www.brixtonsf.com/"
      },
      "geometry": {
        "type": "Point",
        "coordinates": [
          -122.4345787,
          37.7973068
        ]
      },
      "id": "node/3799946959"
    },
    {
      "type": "Feature",
      "properties": {
        "@id": "node/3808454918",
        "addr:housenumber": "1548",
        "addr:street": "California Street",
        "amenity": "bar",
        "check_date": "2025-06-24",
        "name": "ZHUZH",
        "website": "https://www.zhuzh.bar/"
      },
      "geometry": {
        "type": "Point",
        "coordinates": [
          -122.4198906,
          37.7908156
        ]
      },
      "id": "node/3808454918"
    },
    {
      "type": "Feature",
      "properties": {
        "@id": "node/3853311617",
        "addr:city": "San Francisco",
        "addr:housenumber": "718",
        "addr:postcode": "94114",
        "addr:state": "CA",
        "addr:street": "14th Street",
        "amenity": "bar",
        "cocktails": "yes",
        "contact:instagram": "lastrites_sf",
        "description": "Tiki bar",
        "drink:beer": "yes",
        "drink:wine": "yes",
        "email": "hello@lastritesbar.com",
        "indoor_seating": "yes",
        "internet_access": "wlan",
        "internet_access:fee": "customers",
        "name": "Last Rites",
        "opening_hours": "Tu-We 18:00-24:00; Th 18:00-25:00; Fr,Sa 18:00-26:00; Mo off",
        "opening_hours:url": "https://www.lastritesbar.com/",
        "outdoor_seating": "no",
        "smoking": "no",
        "theme": "tiki",
        "website": "https://www.lastritesbar.com/",
        "wheelchair": "yes"
      },
      "geometry": {
        "type": "Point",
        "coordinates": [
          -122.429452,
          37.7678129
        ]
      },
      "id": "node/3853311617"
    },
    {
      "type": "Feature",
      "properties": {
        "@id": "node/3868132257",
        "addr:housenumber": "9",
        "addr:street": "West Portal Avenue",
        "amenity": "bar",
        "check_date": "2026-03-03",
        "drink:wine": "served",
        "name": "Unwine'd",
        "phone": "+1-415-702-6206",
        "website": "https://unwined-sf.com/"
      },
      "geometry": {
        "type": "Point",
        "coordinates": [
          -122.4657844,
          37.7406397
        ]
      },
      "id": "node/3868132257"
    },
    {
      "type": "Feature",
      "properties": {
        "@id": "node/3873879798",
        "addr:housenumber": "409",
        "addr:street": "Gough Street",
        "amenity": "pub",
        "check_date": "2026-05-10",
        "cuisine": "burger;chicken",
        "name": "Afterwork Bar",
        "opening_hours": "Mo-Th 16:00-22:00; Fr 16:00-23:00; Sa 14:00-23:00; Su 11:00-22:00",
        "payment:mastercard": "yes",
        "payment:visa": "yes",
        "website": "https://www.afterworkbarsf.com/"
      },
      "geometry": {
        "type": "Point",
        "coordinates": [
          -122.4231714,
          37.7770322
        ]
      },
      "id": "node/3873879798"
    },
    {
      "type": "Feature",
      "properties": {
        "@id": "node/3931497663",
        "addr:city": "San Francisco",
        "addr:housenumber": "850",
        "addr:state": "CA",
        "addr:street": "Bush Street",
        "amenity": "bar",
        "cocktails": "no",
        "contact:instagram": "key.klubsf",
        "description": "Wine bar with beer and food",
        "drink:beer": "yes",
        "drink:wine": "yes",
        "food": "yes",
        "name": "Key Klub",
        "opening_hours": "Tu-We 17:00-23:00; Th-Sa 17:00-24:00; Su,Mo off",
        "opening_hours:url": "https://www.instagram.com/key.klubsf/"
      },
      "geometry": {
        "type": "Point",
        "coordinates": [
          -122.4113323,
          37.7899577
        ]
      },
      "id": "node/3931497663"
    },
    {
      "type": "Feature",
      "properties": {
        "@id": "node/3960697185",
        "addr:city": "San Francisco",
        "addr:housenumber": "2036",
        "addr:postcode": "94123",
        "addr:state": "CA",
        "addr:street": "Lombard Street",
        "amenity": "bar",
        "name": "Stock in Trade",
        "opening_hours": "14:00-02:00",
        "smoking": "no",
        "website": "www.stockintradesf.com"
      },
      "geometry": {
        "type": "Point",
        "coordinates": [
          -122.4356751,
          37.8000847
        ]
      },
      "id": "node/3960697185"
    },
    {
      "type": "Feature",
      "properties": {
        "@id": "node/3969606065",
        "amenity": "bar",
        "name": "Cafe Muse"
      },
      "geometry": {
        "type": "Point",
        "coordinates": [
          -122.4184582,
          37.7955278
        ]
      },
      "id": "node/3969606065"
    },
    {
      "type": "Feature",
      "properties": {
        "@id": "node/3975094188",
        "addr:city": "San Francisco",
        "addr:housenumber": "787",
        "addr:postcode": "94133",
        "addr:state": "CA",
        "addr:street": "Broadway",
        "amenity": "bar",
        "check_date:opening_hours": "2023-03-12",
        "name": "HolyCraft Brewery",
        "opening_hours": "Tu-Th 15:00-24:00; Fr-Su 12:00-24:00",
        "opening_hours:signed": "no",
        "phone": "+1 415 6900401",
        "website": "https://holycraftbrewery.com/"
      },
      "geometry": {
        "type": "Point",
        "coordinates": [
          -122.4099995,
          37.7973254
        ]
      },
      "id": "node/3975094188"
    },
    {
      "type": "Feature",
      "properties": {
        "@id": "node/3984165039",
        "amenity": "bar",
        "name": "Vieni Vieni"
      },
      "geometry": {
        "type": "Point",
        "coordinates": [
          -122.4090381,
          37.7989822
        ]
      },
      "id": "node/3984165039"
    },
    {
      "type": "Feature",
      "properties": {
        "@id": "node/3985400820",
        "addr:city": "San Francisco",
        "addr:housenumber": "905",
        "addr:postcode": "94133",
        "addr:state": "CA",
        "addr:street": "Kearny Street",
        "amenity": "bar",
        "check_date": "2026-04-25",
        "name": "Grasslands Bar & Lounge"
      },
      "geometry": {
        "type": "Point",
        "coordinates": [
          -122.4053256,
          37.7963509
        ]
      },
      "id": "node/3985400820"
    },
    {
      "type": "Feature",
      "properties": {
        "@id": "node/3985401493",
        "addr:city": "San Francisco",
        "addr:housenumber": "931",
        "addr:postcode": "94133",
        "addr:state": "CA",
        "addr:street": "Kearny Street",
        "amenity": "bar",
        "brewery": "no",
        "description": "Pool Hall with 10 pool tables, 1 snooker table, mahjong, and table tennis. Limited beer and soda for sale in small fridge.",
        "min_age": "0",
        "name": "Happy Billiard",
        "opening_hours": "05:00-25:00"
      },
      "geometry": {
        "type": "Point",
        "coordinates": [
          -122.4053859,
          37.7966358
        ]
      },
      "id": "node/3985401493"
    },
    {
      "type": "Feature",
      "properties": {
        "@id": "node/3986887643",
        "addr:city": "San Francisco",
        "addr:housenumber": "256",
        "addr:postcode": "94113",
        "addr:state": "CA",
        "addr:street": "Columbus Avenue",
        "amenity": "pub",
        "check_date": "2026-07-30",
        "name": "The Devil's Acre"
      },
      "geometry": {
        "type": "Point",
        "coordinates": [
          -122.4061685,
          37.7976771
        ]
      },
      "id": "node/3986887643"
    },
    {
      "type": "Feature",
      "properties": {
        "@id": "node/4004977098",
        "addr:city": "San Francisco",
        "addr:country": "US",
        "addr:housenumber": "377",
        "addr:postcode": "94102",
        "addr:state": "CA",
        "addr:street": "Hayes Street",
        "amenity": "bar",
        "check_date": "2023-01-05",
        "name": "Sugar Lounge"
      },
      "geometry": {
        "type": "Point",
        "coordinates": [
          -122.4225489,
          37.7768319
        ]
      },
      "id": "node/4004977098"
    },
    {
      "type": "Feature",
      "properties": {
        "@id": "node/4010401866",
        "amenity": "bar",
        "cocktails": "yes",
        "contact:facebook": "LongNowInterval",
        "contact:instagram": "theinterval",
        "contact:twitter": "interval",
        "drink:beer": "yes",
        "drink:coffee": "yes",
        "drink:tea": "yes",
        "drink:wine": "yes",
        "email": "info@theinterval.org",
        "fixme": "This is both a cafe and a bar",
        "name": "The Interval",
        "opening_hours": "Mo 17:00-22:00; Tu-Fr 10:00-23:00; Sa 15:00-23:00; Su 15:00-22:00",
        "opening_hours:url": "https://theinterval.org/",
        "operator": "The Long Now Foundation",
        "takeaway": "yes",
        "website": "https://theinterval.org/"
      },
      "geometry": {
        "type": "Point",
        "coordinates": [
          -122.4321258,
          37.8067715
        ]
      },
      "id": "node/4010401866"
    },
    {
      "type": "Feature",
      "properties": {
        "@id": "node/4017234499",
        "addr:city": "San Francisco",
        "addr:housenumber": "1914",
        "addr:postcode": "94122",
        "addr:state": "CA",
        "addr:street": "Irving Street",
        "amenity": "bar",
        "check_date": "2026-05-11",
        "name": "Silver Spur"
      },
      "geometry": {
        "type": "Point",
        "coordinates": [
          -122.4785512,
          37.7636372
        ]
      },
      "id": "node/4017234499"
    },
    {
      "type": "Feature",
      "properties": {
        "@id": "node/4020353440",
        "addr:housenumber": "639A",
        "addr:state": "CA",
        "addr:street": "Divisadero Street",
        "amenity": "bar",
        "check_date": "2026-04-29",
        "name": "Fool's Errand",
        "outdoor_seating": "yes",
        "toilets:wheelchair": "no",
        "wheelchair": "limited"
      },
      "geometry": {
        "type": "Point",
        "coordinates": [
          -122.4380591,
          37.7755565
        ]
      },
      "id": "node/4020353440"
    },
    {
      "type": "Feature",
      "properties": {
        "@id": "node/4022691832",
        "addr:city": "San Francisco",
        "addr:housenumber": "1092",
        "addr:postcode": "94109",
        "addr:street": "Post Street",
        "amenity": "bar",
        "check_date": "2023-05-22",
        "check_date:opening_hours": "2022-09-29",
        "indoor_seating": "yes",
        "name": "Jackalope",
        "opening_hours:signed": "no",
        "outdoor_seating": "no",
        "website": "http://www.jackalopesf.com/"
      },
      "geometry": {
        "type": "Point",
        "coordinates": [
          -122.4197889,
          37.7869651
        ]
      },
      "id": "node/4022691832"
    },
    {
      "type": "Feature",
      "properties": {
        "@id": "node/4024246508",
        "addr:housenumber": "1723",
        "addr:street": "Polk Street",
        "amenity": "bar",
        "check_date": "2024-03-04",
        "name": "The Cinch Saloon"
      },
      "geometry": {
        "type": "Point",
        "coordinates": [
          -122.4212524,
          37.7927364
        ]
      },
      "id": "node/4024246508"
    },
    {
      "type": "Feature",
      "properties": {
        "@id": "node/4030143560",
        "addr:city": "San Francisco",
        "addr:housenumber": "3010",
        "addr:postcode": "94110",
        "addr:street": "20th Street",
        "amenity": "bar",
        "cocktails": "yes",
        "contact:facebook": "trickdogsf",
        "contact:instagram": "trickdogbar",
        "contact:twitter": "trickdogbar",
        "email": "info@trickdogbar.com",
        "name": "Trick Dog",
        "opening_hours": "Su,Mo-Th 16:00-24:00; Fr-Sa 16:00-25:00",
        "opening_hours:url": "https://www.trickdogbar.com/",
        "phone": "+1 415 4712999",
        "website": "https://www.trickdogbar.com/"
      },
      "geometry": {
        "type": "Point",
        "coordinates": [
          -122.4111877,
          37.7592203
        ]
      },
      "id": "node/4030143560"
    },
    {
      "type": "Feature",
      "properties": {
        "@id": "node/4030526218",
        "addr:city": "San Francisco",
        "addr:housenumber": "701",
        "addr:postcode": "94117",
        "addr:state": "CA",
        "addr:street": "Haight Street",
        "amenity": "pub",
        "check_date": "2026-07-13",
        "level": "0",
        "name": "Stoa Bar",
        "old_name": "Black Sands Brewery",
        "wheelchair": "yes"
      },
      "geometry": {
        "type": "Point",
        "coordinates": [
          -122.433863,
          37.7715719
        ]
      },
      "id": "node/4030526218"
    },
    {
      "type": "Feature",
      "properties": {
        "@id": "node/4039511536",
        "amenity": "bar",
        "name": "Buddha",
        "opening_hours:signed": "no"
      },
      "geometry": {
        "type": "Point",
        "coordinates": [
          -122.4065929,
          37.7952077
        ]
      },
      "id": "node/4039511536"
    },
    {
      "type": "Feature",
      "properties": {
        "@id": "node/4055481596",
        "amenity": "bar",
        "name": "Red's Place",
        "wheelchair": "limited"
      },
      "geometry": {
        "type": "Point",
        "coordinates": [
          -122.4064364,
          37.7961449
        ]
      },
      "id": "node/4055481596"
    },
    {
      "type": "Feature",
      "properties": {
        "@id": "node/4069462418",
        "addr:city": "San Francisco",
        "addr:country": "US",
        "addr:housenumber": "915",
        "addr:postcode": "94116",
        "addr:state": "CA",
        "addr:street": "Taraval Street",
        "amenity": "pub",
        "name": "Shannon Arms"
      },
      "geometry": {
        "type": "Point",
        "coordinates": [
          -122.4760224,
          37.7429041
        ]
      },
      "id": "node/4069462418"
    },
    {
      "type": "Feature",
      "properties": {
        "@id": "node/4071080789",
        "addr:city": "San Francisco",
        "addr:housenumber": "1368",
        "addr:postcode": "94122",
        "addr:state": "CA",
        "addr:street": "Irving Street",
        "amenity": "bar",
        "check_date": "2023-11-02",
        "level": "0",
        "name": "The Sage & Drifter",
        "wheelchair": "yes"
      },
      "geometry": {
        "type": "Point",
        "coordinates": [
          -122.4726646,
          37.7639038
        ]
      },
      "id": "node/4071080789"
    },
    {
      "type": "Feature",
      "properties": {
        "@id": "node/4081556948",
        "addr:city": "San Francisco",
        "addr:housenumber": "458",
        "addr:postcode": "94102",
        "addr:state": "CA",
        "addr:street": "Grove Street",
        "amenity": "bar",
        "check_date": "2023-01-05",
        "name": "Birba",
        "phone": "+1 415 549 7612",
        "website": "http://www.birbawine.com/"
      },
      "geometry": {
        "type": "Point",
        "coordinates": [
          -122.4241711,
          37.7777921
        ]
      },
      "id": "node/4081556948"
    },
    {
      "type": "Feature",
      "properties": {
        "@id": "node/4086989798",
        "amenity": "pub",
        "name": "Cresta's"
      },
      "geometry": {
        "type": "Point",
        "coordinates": [
          -122.4221708,
          37.7971395
        ]
      },
      "id": "node/4086989798"
    },
    {
      "type": "Feature",
      "properties": {
        "@id": "node/4106923141",
        "amenity": "bar",
        "check_date": "2024-07-14",
        "name": "Bow Bow Cocktails"
      },
      "geometry": {
        "type": "Point",
        "coordinates": [
          -122.4070757,
          37.7975853
        ]
      },
      "id": "node/4106923141"
    },
    {
      "type": "Feature",
      "properties": {
        "@id": "node/4108029915",
        "addr:city": "San Francisco",
        "addr:housenumber": "916",
        "addr:state": "CA",
        "addr:street": "Grant Avenue",
        "alt_name": "Li Po Cocktails;Li Po Lounge",
        "amenity": "bar",
        "atm": "yes",
        "cocktails": "yes",
        "description": "Historic cocktail bar known for its Chinese Mai Tai",
        "drink:beer": "yes",
        "email": "lipolounge@yahoo.com",
        "name": "Li Po Cocktail Lounge",
        "opening_hours": "Mo-Su 14:00-25:30",
        "payment:cash": "yes",
        "payment:credit_cards": "yes",
        "phone": "+1 415 9820072",
        "start_date": "1937",
        "toilets:wheelchair": "no",
        "website": "https://lipolounge.com/"
      },
      "geometry": {
        "type": "Point",
        "coordinates": [
          -122.4064547,
          37.7954225
        ]
      },
      "id": "node/4108029915"
    },
    {
      "type": "Feature",
      "properties": {
        "@id": "node/4114603089",
        "addr:city": "San Francisco",
        "addr:housenumber": "3152",
        "addr:postcode": "94110",
        "addr:state": "CA",
        "addr:street": "Mission Street",
        "amenity": "bar",
        "name": "Mothership",
        "outdoor_seating": "yes",
        "smoking": "outside",
        "website": "https://mothershipbar.com",
        "wheelchair": "yes"
      },
      "geometry": {
        "type": "Point",
        "coordinates": [
          -122.4192506,
          37.7468805
        ]
      },
      "id": "node/4114603089"
    },
    {
      "type": "Feature",
      "properties": {
        "@id": "node/4129601492",
        "addr:city": "San Francisco",
        "addr:housenumber": "200",
        "addr:postcode": "94104",
        "addr:state": "CA",
        "addr:street": "Bush Street",
        "addr:unit": "Suite 101",
        "amenity": "bar",
        "check_date": "2023-02-07",
        "cocktails": "yes",
        "contact:facebook": "thetreasurysf",
        "contact:instagram": "thetreasurysf",
        "contact:twitter": "TheTreasurySF",
        "drink:beer": "yes",
        "drink:wine": "yes",
        "email": "info@thetreasurysf.com",
        "food": "yes",
        "indoor_seating": "yes",
        "name": "The Treasury",
        "opening_hours": "Mo-Fr 12:00-22:00",
        "opening_hours:url": "https://www.thetreasurysf.com/",
        "phone": "+1 415 578 0530",
        "website": "https://www.thetreasurysf.com/",
        "website:menu": "https://www.thetreasurysf.com/menu"
      },
      "geometry": {
        "type": "Point",
        "coordinates": [
          -122.4010896,
          37.7912711
        ]
      },
      "id": "node/4129601492"
    },
    {
      "type": "Feature",
      "properties": {
        "@id": "node/4139840856",
        "addr:city": "San Francisco",
        "addr:housenumber": "3215",
        "addr:postcode": "94110",
        "addr:state": "CA",
        "addr:street": "Mission Street",
        "amenity": "bar",
        "name": "Fat Cat x The Mantis",
        "website": "https://www.fatcatsf.com/"
      },
      "geometry": {
        "type": "Point",
        "coordinates": [
          -122.4199359,
          37.7452716
        ]
      },
      "id": "node/4139840856"
    },
    {
      "type": "Feature",
      "properties": {
        "@id": "node/4139840857",
        "addr:city": "San Francisco",
        "addr:housenumber": "3223",
        "addr:state": "CA",
        "addr:street": "Mission Street",
        "amenity": "bar",
        "contact:facebook": "The-Knockout-129284561110",
        "contact:instagram": "theknockoutsf",
        "live_music": "yes",
        "name": "The Knockout",
        "opening_hours": "Mo-Su 18:00-26:00",
        "opening_hours:url": "https://theknockoutsf.com/",
        "website": "https://theknockoutsf.com/",
        "website:calendar": "https://theknockoutsf.com/events/"
      },
      "geometry": {
        "type": "Point",
        "coordinates": [
          -122.4199903,
          37.7451841
        ]
      },
      "id": "node/4139840857"
    },
    {
      "type": "Feature",
      "properties": {
        "@id": "node/4143685674",
        "addr:city": "San Francisco",
        "addr:housenumber": "375",
        "addr:postcode": "94104",
        "addr:state": "CA",
        "addr:street": "Bush Street",
        "amenity": "bar",
        "cocktails": "yes",
        "contact:facebook": "paganidol",
        "contact:instagram": "paganidolsf",
        "contact:twitter": "paganidolsf",
        "cuisine": "tiki_bar",
        "description": "Tiki bar",
        "drink:beer": "yes",
        "drink:wine": "no",
        "email": "info@paganidol.com",
        "food": "no",
        "indoor_seating": "yes",
        "name": "Pagan Idol",
        "opening_hours": "Tu,We 16:30-24:00; Th-Sa 16:30-26:00; Su,Mo off",
        "opening_hours:url": "https://www.paganidol.com/",
        "outdoor_seating": "no",
        "phone": "+1 415 9856375",
        "reservation": "yes",
        "theme": "tiki",
        "website": "https://www.paganidol.com/",
        "wheelchair": "yes",
        "wheelchair:description": "Mostly wheelchair accessible. Only a few booths aren't."
      },
      "geometry": {
        "type": "Point",
        "coordinates": [
          -122.403638,
          37.7907035
        ]
      },
      "id": "node/4143685674"
    },
    {
      "type": "Feature",
      "properties": {
        "@id": "node/4161865223",
        "addr:city": "San Francisco",
        "addr:housenumber": "540",
        "addr:postcode": "94118",
        "addr:state": "CA",
        "addr:street": "Clement Street",
        "amenity": "bar",
        "check_date": "2026-03-13",
        "name": "540 Club",
        "opening_hours": "Mo-Fr 14:00-26:00; Sa-Su 00:00-02:00"
      },
      "geometry": {
        "type": "Point",
        "coordinates": [
          -122.4651657,
          37.7830596
        ]
      },
      "id": "node/4161865223"
    },
    {
      "type": "Feature",
      "properties": {
        "@id": "node/4199804593",
        "addr:city": "San Francisco",
        "addr:housenumber": "1334",
        "addr:postcode": "94122",
        "addr:state": "CA",
        "addr:street": "Noriega Street",
        "amenity": "bar",
        "check_date": "2025-10-08",
        "name": "Tiki Haven"
      },
      "geometry": {
        "type": "Point",
        "coordinates": [
          -122.4781838,
          37.754295
        ]
      },
      "id": "node/4199804593"
    },
    {
      "type": "Feature",
      "properties": {
        "@id": "node/4199813991",
        "addr:housenumber": "1232",
        "addr:street": "Noriega Street",
        "amenity": "bar",
        "check_date": "2025-10-08",
        "name": "oneup bar"
      },
      "geometry": {
        "type": "Point",
        "coordinates": [
          -122.4770736,
          37.7543453
        ]
      },
      "id": "node/4199813991"
    },
    {
      "type": "Feature",
      "properties": {
        "@id": "node/4214319494",
        "addr:city": "San Francisco",
        "addr:housenumber": "3805",
        "addr:postcode": "94122",
        "addr:state": "CA",
        "addr:street": "Noriega Street",
        "amenity": "pub",
        "name": "Flanahan's Pub"
      },
      "geometry": {
        "type": "Point",
        "coordinates": [
          -122.504526,
          37.7528613
        ]
      },
      "id": "node/4214319494"
    },
    {
      "type": "Feature",
      "properties": {
        "@id": "node/4256898604",
        "addr:city": "San Francisco",
        "addr:housenumber": "491",
        "addr:postcode": "94110",
        "addr:state": "CA",
        "addr:street": "Potrero Avenue",
        "amenity": "bar",
        "name": "Mission Hill Saloon"
      },
      "geometry": {
        "type": "Point",
        "coordinates": [
          -122.4071599,
          37.7633159
        ]
      },
      "id": "node/4256898604"
    },
    {
      "type": "Feature",
      "properties": {
        "@id": "node/4259746694",
        "addr:housenumber": "891",
        "addr:street": "Bush Street",
        "amenity": "bar",
        "check_date": "2024-01-23",
        "name": "The Blue Room",
        "note": "Might be part of Stookey's"
      },
      "geometry": {
        "type": "Point",
        "coordinates": [
          -122.4118742,
          37.7896538
        ]
      },
      "id": "node/4259746694"
    },
    {
      "type": "Feature",
      "properties": {
        "@id": "node/4261666983",
        "amenity": "bar",
        "check_date": "2024-04-09",
        "name": "Beauty Bar"
      },
      "geometry": {
        "type": "Point",
        "coordinates": [
          -122.4190503,
          37.7603764
        ]
      },
      "id": "node/4261666983"
    },
    {
      "type": "Feature",
      "properties": {
        "@id": "node/4284609497",
        "addr:city": "San Francisco",
        "addr:housenumber": "2816",
        "addr:postcode": "94131",
        "addr:state": "CA",
        "addr:street": "Diamond Street",
        "amenity": "bar",
        "name": "Glen Park Station"
      },
      "geometry": {
        "type": "Point",
        "coordinates": [
          -122.4341305,
          37.7341553
        ]
      },
      "id": "node/4284609497"
    },
    {
      "type": "Feature",
      "properties": {
        "@id": "node/4299448689",
        "addr:city": "San Francisco",
        "addr:housenumber": "800",
        "addr:postcode": "94109",
        "addr:state": "CA",
        "addr:street": "Post Street",
        "amenity": "bar",
        "check_date": "2023-02-02",
        "cocktails": "yes",
        "contact:facebook": "TheRoyaleSF",
        "contact:instagram": "theroyalesf",
        "drink:beer": "yes",
        "email": "will@theroyalesf.com",
        "indoor_seating": "yes",
        "live_music": "yes",
        "name": "The Royale",
        "opening_hours": "Mo-We, Su 17:00-00:00; Th-Sa 17:00-02:00",
        "opening_hours:url": "https://www.theroyalesf.com/",
        "outdoor_seating": "no",
        "phone": "+1-415-441-4099",
        "sport": "billiards",
        "website": "https://www.theroyalesf.com/",
        "website:calendar": "https://www.theroyalesf.com/calendar"
      },
      "geometry": {
        "type": "Point",
        "coordinates": [
          -122.415188,
          37.7875509
        ]
      },
      "id": "node/4299448689"
    },
    {
      "type": "Feature",
      "properties": {
        "@id": "node/4312016590",
        "addr:city": "San Francisco",
        "addr:housenumber": "10",
        "addr:postcode": "94103",
        "addr:state": "CA",
        "addr:street": "6th Street",
        "amenity": "bar",
        "cocktails": "yes",
        "contact:facebook": "therumpusroomsf",
        "contact:instagram": "therumpusroomsf",
        "drink:beer": "yes",
        "drink:wine": "yes",
        "email": "info@therumpusroomsf.com",
        "happy_hours": "Tu-Fr 14:00-17:00",
        "indoor_seating": "yes",
        "name": "The Rumpus Room",
        "old_name": "Showdown Bar",
        "opening_hours": "Tu-Sa 14:00-26:00; Su,Mo off",
        "opening_hours:url": "https://www.therumpusroomsf.com/",
        "outdoor_seating": "no",
        "phone": "+1 415 7951413",
        "website": "https://www.therumpusroomsf.com/",
        "website:calendar": "https://www.therumpusroomsf.com/calendar/events/",
        "website:menu": "https://www.therumpusroomsf.com/menu/"
      },
      "geometry": {
        "type": "Point",
        "coordinates": [
          -122.4100401,
          37.7818459
        ]
      },
      "id": "node/4312016590"
    },
    {
      "type": "Feature",
      "properties": {
        "@id": "node/4331553009",
        "addr:city": "San Francisco",
        "addr:housenumber": "1314",
        "addr:postcode": "94112",
        "addr:state": "CA",
        "addr:street": "Ocean Avenue",
        "amenity": "bar",
        "check_date": "2026-01-29",
        "name": "Ocean Ale House",
        "smoking": "no",
        "wheelchair": "yes"
      },
      "geometry": {
        "type": "Point",
        "coordinates": [
          -122.45677,
          37.7241672
        ]
      },
      "id": "node/4331553009"
    },
    {
      "type": "Feature",
      "properties": {
        "@id": "node/4343745976",
        "addr:city": "San Francisco",
        "addr:housenumber": "2",
        "addr:postcode": "94105",
        "addr:state": "CA",
        "addr:street": "New Montgomery Street",
        "amenity": "bar",
        "check_date": "2026-04-24",
        "name": "Pied Piper",
        "opening_hours": "Mo-Su 17:00-23:00",
        "phone": "+1 415 546 5089",
        "smoking": "no",
        "website": "https://www.piedpipersf.com/"
      },
      "geometry": {
        "type": "Point",
        "coordinates": [
          -122.4020921,
          37.7883976
        ]
      },
      "id": "node/4343745976"
    },
    {
      "type": "Feature",
      "properties": {
        "@id": "node/4403707689",
        "addr:housenumber": "424",
        "addr:postcode": "94111",
        "addr:street": "Merchant Street",
        "amenity": "pub",
        "internet_access": "wlan",
        "name": "Café Prague",
        "name:cs": "Café Praha",
        "name:en": "Café Prague"
      },
      "geometry": {
        "type": "Point",
        "coordinates": [
          -122.4009685,
          37.7955107
        ]
      },
      "id": "node/4403707689"
    },
    {
      "type": "Feature",
      "properties": {
        "@id": "node/4425675189",
        "addr:housenumber": "111",
        "addr:postcode": "94105",
        "addr:street": "Minna Street",
        "amenity": "bar",
        "name": "111 Minna Gallery",
        "website": "https://www.111minnagallery.com/",
        "wheelchair": "yes"
      },
      "geometry": {
        "type": "Point",
        "coordinates": [
          -122.3993218,
          37.7874657
        ]
      },
      "id": "node/4425675189"
    },
    {
      "type": "Feature",
      "properties": {
        "@id": "node/4453775089",
        "amenity": "bar",
        "name": "Boardroom",
        "name:en": "Boardroom"
      },
      "geometry": {
        "type": "Point",
        "coordinates": [
          -122.4086539,
          37.7988897
        ]
      },
      "id": "node/4453775089"
    },
    {
      "type": "Feature",
      "properties": {
        "@id": "node/4467802664",
        "addr:city": "San Francisco",
        "addr:housenumber": "2565",
        "addr:postcode": "94110",
        "addr:state": "CA",
        "addr:street": "Mission Street",
        "amenity": "bar",
        "name": "Balancoire",
        "phone": "+1-415-920-0577",
        "website": "http://balancoiresf.com"
      },
      "geometry": {
        "type": "Point",
        "coordinates": [
          -122.4184756,
          37.7561254
        ]
      },
      "id": "node/4467802664"
    },
    {
      "type": "Feature",
      "properties": {
        "@id": "node/4482434591",
        "addr:city": "San Francisco",
        "addr:housenumber": "1901",
        "addr:postcode": "94123",
        "addr:state": "CA",
        "addr:street": "Union Street",
        "amenity": "bar",
        "name": "Bus Stop",
        "name:en": "Bus Stop",
        "phone": "+1-415-567-6905",
        "website": "https://www.busstop-sf.com/"
      },
      "geometry": {
        "type": "Point",
        "coordinates": [
          -122.4307094,
          37.7976041
        ]
      },
      "id": "node/4482434591"
    },
    {
      "type": "Feature",
      "properties": {
        "@id": "node/4498256594",
        "addr:city": "San Francisco",
        "addr:housenumber": "242",
        "addr:postcode": "94102",
        "addr:state": "CA",
        "addr:street": "O'Farrell Street",
        "amenity": "bar",
        "check_date": "2026-04-09",
        "cocktails": "yes",
        "contact:facebook": "BartlettHallSF",
        "contact:instagram": "bartletthallsf",
        "contact:twitter": "BartlettHallSF",
        "contact:yelp": "https://www.yelp.com/biz/bartlett-hall-san-francisco",
        "drink:beer": "yes",
        "drink:wine": "yes",
        "email": "info@bartletthall.com",
        "food": "yes",
        "level": "0",
        "name": "Bartlett Hall",
        "opening_hours": "Mo off; Tu-Th 16:00-21:30; Fr,Sa 16:00-22:30; Su 12:00-20:30",
        "opening_hours:signed": "yes",
        "opening_hours:url": "https://www.bartletthall.com/hours-and-location/",
        "phone": "+1 415 4334332",
        "reservation": "yes",
        "website": "https://www.bartletthall.com/",
        "wheelchair": "yes"
      },
      "geometry": {
        "type": "Point",
        "coordinates": [
          -122.408778,
          37.7864629
        ]
      },
      "id": "node/4498256594"
    },
    {
      "type": "Feature",
      "properties": {
        "@id": "node/4513023134",
        "addr:housenumber": "406",
        "addr:street": "Clement Street",
        "amenity": "bar",
        "check_date": "2026-03-13",
        "level": "0",
        "name": "Neck of the Woods",
        "wheelchair": "yes"
      },
      "geometry": {
        "type": "Point",
        "coordinates": [
          -122.4637116,
          37.7831255
        ]
      },
      "id": "node/4513023134"
    },
    {
      "type": "Feature",
      "properties": {
        "@id": "node/4516187333",
        "addr:city": "San Francisco",
        "addr:housenumber": "1799",
        "addr:postcode": "94103",
        "addr:state": "CA",
        "addr:street": "Mission Street",
        "amenity": "bar",
        "capacity": "99",
        "check_date": "2026-01-24",
        "cocktails": "yes",
        "contact:facebook": "DahliaLoungeSF",
        "contact:instagram": "dahliasflounge",
        "contact:yelp": "https://www.yelp.com/biz/dahlia-lounge-san-francisco",
        "email": "thecraft@dahliasf.com",
        "indoor_seating": "yes",
        "live_music": "yes",
        "name": "Dahlia",
        "old_name": "The Armory Club",
        "opening_hours": "We-Su 17:00-26:00",
        "opening_hours:url": "https://www.dahliasf.com/",
        "website": "https://www.dahliasf.com/",
        "wheelchair": "no"
      },
      "geometry": {
        "type": "Point",
        "coordinates": [
          -122.4198601,
          37.768386
        ]
      },
      "id": "node/4516187333"
    },
    {
      "type": "Feature",
      "properties": {
        "@id": "node/4516193228",
        "addr:city": "San Francisco",
        "addr:housenumber": "1700",
        "addr:state": "CA",
        "addr:street": "Mission Street",
        "amenity": "pub",
        "check_date": "2025-12-04",
        "cuisine": "american",
        "drink:beer": "yes",
        "email": "info@craftyfoxsf.com",
        "food": "yes",
        "level": "0",
        "name": "The Crafty Fox",
        "opening_hours": "Mo off; Tu-Fr 16:00-22:00; Sa 14:00-22:00; Su 14:00-21:00",
        "opening_hours:url": "http://craftyfoxsf.com/",
        "phone": "+1 415 4166602",
        "website": "http://craftyfoxsf.com/",
        "wheelchair": "yes"
      },
      "geometry": {
        "type": "Point",
        "coordinates": [
          -122.4203472,
          37.7698488
        ]
      },
      "id": "node/4516193228"
    },
    {
      "type": "Feature",
      "properties": {
        "@id": "node/4533347390",
        "addr:city": "San Francisco",
        "addr:housenumber": "550",
        "addr:postcode": "94102",
        "addr:state": "CA",
        "addr:street": "Sutter Street",
        "amenity": "bar",
        "capacity": "54",
        "cocktails": "yes",
        "contact:facebook": "PCHSF",
        "contact:instagram": "PCH_SF",
        "drink:beer": "yes",
        "drink:mocktail": "yes",
        "drink:sake": "yes",
        "drink:whisky": "yes",
        "drink:wine": "yes",
        "email": "info@pacificcocktailsf.com",
        "fixme": "Either specify dates for holiday pop-up hours or change after 2022-12-31",
        "food": "no",
        "indoor_seating": "yes",
        "live_music": "no",
        "name": "Pacific Cocktail Haven",
        "note:opening_hours": "Normal hours are We-Sa 17:00-24:00",
        "opening_hours": "Tu-Sa 15:00-24:00 open \"Holiday Pop-up hours\"",
        "opening_hours:url": "https://www.pacificcocktailsf.com/",
        "outdoor_seating": "yes",
        "reservation": "no",
        "short_name": "PCH",
        "website": "https://www.pacificcocktailsf.com/",
        "website:menu": "https://www.pacificcocktailsf.com/menu",
        "wheelchair": "yes"
      },
      "geometry": {
        "type": "Point",
        "coordinates": [
          -122.4095272,
          37.7893351
        ]
      },
      "id": "node/4533347390"
    },
    {
      "type": "Feature",
      "properties": {
        "@id": "node/4548639068",
        "addr:housenumber": "821",
        "addr:street": "Divisadero Street",
        "amenity": "bar",
        "check_date": "2025-11-19",
        "level": "0",
        "name": "Bar 821",
        "wheelchair": "yes"
      },
      "geometry": {
        "type": "Point",
        "coordinates": [
          -122.4384162,
          37.7771532
        ]
      },
      "id": "node/4548639068"
    },
    {
      "type": "Feature",
      "properties": {
        "@id": "node/4548821700",
        "addr:city": "San Francisco",
        "addr:housenumber": "2417",
        "addr:postcode": "94110",
        "addr:state": "CA",
        "addr:street": "Mission Street",
        "amenity": "bar",
        "check_date": "2025-07-27",
        "min_age": "21",
        "name": "Doc's Clock"
      },
      "geometry": {
        "type": "Point",
        "coordinates": [
          -122.4188042,
          37.7583654
        ]
      },
      "id": "node/4548821700"
    },
    {
      "type": "Feature",
      "properties": {
        "@id": "node/4548821706",
        "addr:housenumber": "2777",
        "addr:street": "Mission Street",
        "amenity": "bar",
        "check_date": "2025-03-27",
        "check_date:opening_hours": "2025-03-27",
        "description": "pool tv sports soccer",
        "name": "El Farolito Bar",
        "opening_hours": "Mo-Su 11:00-02:00"
      },
      "geometry": {
        "type": "Point",
        "coordinates": [
          -122.4183324,
          37.7526946
        ]
      },
      "id": "node/4548821706"
    },
    {
      "type": "Feature",
      "properties": {
        "@id": "node/4548821898",
        "addr:housenumber": "2175",
        "addr:street": "Chestnut Street",
        "amenity": "bar",
        "name": "delarosa"
      },
      "geometry": {
        "type": "Point",
        "coordinates": [
          -122.4390753,
          37.8003603
        ]
      },
      "id": "node/4548821898"
    },
    {
      "type": "Feature",
      "properties": {
        "@id": "node/4550076307",
        "addr:housenumber": "837",
        "addr:street": "Divisadero Street",
        "amenity": "bar",
        "check_date": "2025-11-19",
        "name": "mini bar"
      },
      "geometry": {
        "type": "Point",
        "coordinates": [
          -122.4384608,
          37.7773892
        ]
      },
      "id": "node/4550076307"
    },
    {
      "type": "Feature",
      "properties": {
        "@id": "node/4550110115",
        "addr:housenumber": "2807",
        "addr:postcode": "94118",
        "addr:street": "Geary Boulevard",
        "amenity": "bar",
        "check_date": "2025-04-26",
        "name": "Family",
        "sport": "billiards"
      },
      "geometry": {
        "type": "Point",
        "coordinates": [
          -122.4492858,
          37.7820272
        ]
      },
      "id": "node/4550110115"
    },
    {
      "type": "Feature",
      "properties": {
        "@id": "node/4558023340",
        "amenity": "bar",
        "name": "TimeOut Tavern",
        "was:name": "San Francisco Athletic Club"
      },
      "geometry": {
        "type": "Point",
        "coordinates": [
          -122.4398627,
          37.7860803
        ]
      },
      "id": "node/4558023340"
    },
    {
      "type": "Feature",
      "properties": {
        "@id": "node/4613841150",
        "amenity": "bar"
      },
      "geometry": {
        "type": "Point",
        "coordinates": [
          -122.4413801,
          37.8002782
        ]
      },
      "id": "node/4613841150"
    },
    {
      "type": "Feature",
      "properties": {
        "@id": "node/4613888431",
        "addr:housenumber": "1400",
        "addr:street": "Lombard Street",
        "amenity": "bar",
        "check_date": "2023-10-25",
        "name": "Black Magic Voodoo Lounge",
        "opening_hours:signed": "no"
      },
      "geometry": {
        "type": "Point",
        "coordinates": [
          -122.4248369,
          37.8014288
        ]
      },
      "id": "node/4613888431"
    },
    {
      "type": "Feature",
      "properties": {
        "@id": "node/4614040398",
        "addr:housenumber": "622",
        "addr:street": "Green Street",
        "amenity": "pub",
        "check_date": "2023-03-20",
        "name": "Chief Sullivan's"
      },
      "geometry": {
        "type": "Point",
        "coordinates": [
          -122.4097428,
          37.7995354
        ]
      },
      "id": "node/4614040398"
    },
    {
      "type": "Feature",
      "properties": {
        "@id": "node/4614040547",
        "addr:housenumber": "548",
        "addr:street": "Green Street",
        "amenity": "pub",
        "check_date": "2023-05-27",
        "name": "Gino and Carlo",
        "wheelchair": "no"
      },
      "geometry": {
        "type": "Point",
        "coordinates": [
          -122.4081417,
          37.799719
        ]
      },
      "id": "node/4614040547"
    },
    {
      "type": "Feature",
      "properties": {
        "@id": "node/4614040551",
        "amenity": "bar",
        "check_date": "2023-05-27",
        "name": "Convivium Enoteca"
      },
      "geometry": {
        "type": "Point",
        "coordinates": [
          -122.4077954,
          37.7997661
        ]
      },
      "id": "node/4614040551"
    },
    {
      "type": "Feature",
      "properties": {
        "@id": "node/4614040696",
        "amenity": "pub",
        "name": "Score"
      },
      "geometry": {
        "type": "Point",
        "coordinates": [
          -122.405187,
          37.798171
        ]
      },
      "id": "node/4614040696"
    },
    {
      "type": "Feature",
      "properties": {
        "@id": "node/4615928118",
        "amenity": "bar",
        "building": "construction",
        "check_date": "2026-03-11",
        "disused": "yes",
        "name": "Palmer's"
      },
      "geometry": {
        "type": "Point",
        "coordinates": [
          -122.4340533,
          37.7906111
        ]
      },
      "id": "node/4615928118"
    },
    {
      "type": "Feature",
      "properties": {
        "@id": "node/4616010834",
        "amenity": "pub",
        "name": "Duster's"
      },
      "geometry": {
        "type": "Point",
        "coordinates": [
          -122.4075152,
          37.7986289
        ]
      },
      "id": "node/4616010834"
    },
    {
      "type": "Feature",
      "properties": {
        "@id": "node/4616136997",
        "addr:housenumber": "415",
        "addr:street": "Sansome Street",
        "amenity": "bar",
        "check_date": "2023-07-12",
        "description": "Bar to the left, wine sales to the right. ",
        "name": "The Barrel Room",
        "opening_hours": "Mo-Fr 15:30-21:00",
        "payment:credit_cards": "yes",
        "shop": "wine",
        "website": "https://www.barrelroomsf.com/"
      },
      "geometry": {
        "type": "Point",
        "coordinates": [
          -122.4015076,
          37.7941595
        ]
      },
      "id": "node/4616136997"
    },
    {
      "type": "Feature",
      "properties": {
        "@id": "node/4618173073",
        "amenity": "pub",
        "name": "Patriot House",
        "outdoor_seating": "yes",
        "wheelchair": "yes"
      },
      "geometry": {
        "type": "Point",
        "coordinates": [
          -122.3987013,
          37.7950723
        ]
      },
      "id": "node/4618173073"
    },
    {
      "type": "Feature",
      "properties": {
        "@id": "node/4625320600",
        "addr:city": "San Francisco",
        "addr:housenumber": "1701",
        "addr:postcode": "94133",
        "addr:state": "CA",
        "addr:street": "Powell Street",
        "amenity": "pub",
        "cocktails": "yes",
        "contact:facebook": "NorenIzakaya",
        "contact:instagram": "NorenIzakaya",
        "cuisine": "japanese;barbecue",
        "drink:beer": "yes",
        "drink:sake": "yes",
        "food": "yes",
        "name": "Noren Izakaya",
        "opening_hours": "Tu-Su 12:00-14:30,17:00-21:00; Mo off",
        "outdoor_seating": "yes",
        "phone": "+1 415 2919268",
        "reservation": "yes",
        "takeaway": "yes",
        "toilets:wheelchair": "no",
        "website": "https://www.norenizakaya.com/",
        "wheelchair": "limited",
        "wheelchair:description:en": "Main dining area is wheelchair accessible, but toilets have steps"
      },
      "geometry": {
        "type": "Point",
        "coordinates": [
          -122.4110142,
          37.800358
        ]
      },
      "id": "node/4625320600"
    },
    {
      "type": "Feature",
      "properties": {
        "@id": "node/4628492031",
        "addr:city": "San Francisco",
        "addr:housenumber": "562",
        "addr:state": "CA",
        "addr:street": "Sutter Street",
        "air_conditioning": "yes",
        "amenity": "bar",
        "contact:yelp": "https://www.yelp.com/biz/obscenity-bar-and-lounge-san-francisco",
        "email": "info.emblem@viceroyhotelgroup.com",
        "name": "Obscenity Bar & Lounge",
        "opening_hours": "Mo-Su 16:30-22:00",
        "opening_hours:url": "https://www.viceroyhotelsandresorts.com/emblem/dining-nightlife/obscenity-bar-lounge",
        "outdoor_seating": "no",
        "phone": "+1 415 4334434",
        "website": "https://www.viceroyhotelsandresorts.com/emblem/dining-nightlife/obscenity-bar-lounge"
      },
      "geometry": {
        "type": "Point",
        "coordinates": [
          -122.4097357,
          37.789209
        ]
      },
      "id": "node/4628492031"
    },
    {
      "type": "Feature",
      "properties": {
        "@id": "node/4631708918",
        "addr:city": "San Francisco",
        "addr:housenumber": "401",
        "addr:state": "CA",
        "addr:street": "Ellis Street",
        "amenity": "bar",
        "name": "Jonell's",
        "outdoor_seating": "no"
      },
      "geometry": {
        "type": "Point",
        "coordinates": [
          -122.4129205,
          37.7847489
        ]
      },
      "id": "node/4631708918"
    },
    {
      "type": "Feature",
      "properties": {
        "@id": "node/4631842574",
        "amenity": "bar",
        "name": "Green Sports Bar"
      },
      "geometry": {
        "type": "Point",
        "coordinates": [
          -122.4222394,
          37.7975872
        ]
      },
      "id": "node/4631842574"
    },
    {
      "type": "Feature",
      "properties": {
        "@id": "node/4750382901",
        "addr:housenumber": "2490",
        "addr:street": "3rd Street",
        "amenity": "bar",
        "check_date": "2025-08-17",
        "name": "Together Lounge",
        "wheelchair": "yes"
      },
      "geometry": {
        "type": "Point",
        "coordinates": [
          -122.388527,
          37.7581814
        ]
      },
      "id": "node/4750382901"
    },
    {
      "type": "Feature",
      "properties": {
        "@id": "node/4814206526",
        "addr:city": "San Francisco",
        "addr:housenumber": "642",
        "addr:postcode": "94118",
        "addr:state": "CA",
        "addr:street": "Clement Street",
        "amenity": "bar",
        "brewery": "yes",
        "name": "Richmond Republic Draught House",
        "outdoor_seating": "no",
        "website": "https://www.richmondrepublicsf.com/",
        "wheelchair": "yes"
      },
      "geometry": {
        "type": "Point",
        "coordinates": [
          -122.4662352,
          37.7830174
        ]
      },
      "id": "node/4814206526"
    },
    {
      "type": "Feature",
      "properties": {
        "@id": "node/4839249789",
        "addr:city": "San Francisco",
        "addr:housenumber": "500",
        "addr:postcode": "94117",
        "addr:state": "CA",
        "addr:street": "Divisadero Street",
        "amenity": "bar",
        "check_date": "2026-05-14",
        "contact:facebook": "madroneartbar",
        "contact:instagram": "madroneartbar",
        "contact:twitter": "madroneartbar",
        "email": "info@michaelkrouse.com",
        "live_music": "yes",
        "name": "Madrone Art Bar",
        "opening_hours": "Mo-Sa 16:00-26:00; Su 15:00-24:00 || \"Check calendar\"",
        "opening_hours:url": "https://madroneartbar.com/contact/",
        "phone": "+1 415 2410202",
        "website": "https://madroneartbar.com/",
        "website:calendar": "https://madroneartbar.com/calendar/"
      },
      "geometry": {
        "type": "Point",
        "coordinates": [
          -122.4374971,
          37.7741994
        ]
      },
      "id": "node/4839249789"
    },
    {
      "type": "Feature",
      "properties": {
        "@id": "node/4839978312",
        "addr:city": "San Francisco",
        "addr:housenumber": "18",
        "addr:state": "CA",
        "addr:street": "Harlan Place",
        "amenity": "bar",
        "cocktails": "yes",
        "contact:facebook": "barfluxus",
        "contact:instagram": "barfluxus",
        "contact:twitter": "barfluxus",
        "drink:beer": "yes",
        "drink:wine": "yes",
        "email": "Ludo@barfluxus.com",
        "name": "Bar Fluxus",
        "opening_hours": "Mo,Tu off; We,Th 16:00-26:00; Fr 15:30-26:00; Sa 16:00-26:00; Su 17:00-26:00",
        "opening_hours:url": "https://www.barfluxus.com/about",
        "phone": "+1 415 4211894",
        "website": "https://www.barfluxus.com/",
        "website:menu": "https://www.barfluxus.com/cocktails"
      },
      "geometry": {
        "type": "Point",
        "coordinates": [
          -122.4049416,
          37.7902514
        ]
      },
      "id": "node/4839978312"
    },
    {
      "type": "Feature",
      "properties": {
        "@id": "node/4927522422",
        "amenity": "bar",
        "name": "Bell Tower",
        "name:en": "Bell Tower"
      },
      "geometry": {
        "type": "Point",
        "coordinates": [
          -122.4212799,
          37.7943038
        ]
      },
      "id": "node/4927522422"
    },
    {
      "type": "Feature",
      "properties": {
        "@id": "node/4934823007",
        "addr:city": "San Francisco",
        "addr:housenumber": "3200",
        "addr:postcode": "94110",
        "addr:state": "CA",
        "addr:street": "24th Street",
        "amenity": "pub",
        "check_date": "2026-03-09",
        "level": "0",
        "name": "The Napper Tandy",
        "phone": "+1-415-550-7510",
        "wheelchair": "yes"
      },
      "geometry": {
        "type": "Point",
        "coordinates": [
          -122.4164736,
          37.7524748
        ]
      },
      "id": "node/4934823007"
    },
    {
      "type": "Feature",
      "properties": {
        "@id": "node/4937360419",
        "addr:city": "San Francisco",
        "addr:housenumber": "3149",
        "addr:postcode": "94110",
        "addr:state": "CA",
        "addr:street": "22nd Street",
        "amenity": "bar",
        "check_date": "2023-07-21",
        "name": "El Trebol",
        "phone": "+1-415-647-5774",
        "smoking": "no"
      },
      "geometry": {
        "type": "Point",
        "coordinates": [
          -122.4175471,
          37.7554153
        ]
      },
      "id": "node/4937360419"
    },
    {
      "type": "Feature",
      "properties": {
        "@id": "node/4937368172",
        "addr:city": "San Francisco",
        "addr:housenumber": "2937",
        "addr:postcode": "94110",
        "addr:state": "CA",
        "addr:street": "Mission Street",
        "amenity": "bar",
        "check_date": "2026-02-26",
        "check_date:opening_hours": "2026-02-26",
        "name": "Evil Eye",
        "opening_hours": "Tu-Th 17:00-22:00, Fr-Su 17:00-24:00",
        "outdoor_seating": "no",
        "phone": "+1-415-814-3779",
        "smoking": "no",
        "website": "https://www.evileyesf.com/"
      },
      "geometry": {
        "type": "Point",
        "coordinates": [
          -122.4180938,
          37.7500359
        ]
      },
      "id": "node/4937368172"
    },
    {
      "type": "Feature",
      "properties": {
        "@id": "node/4972855035",
        "amenity": "bar",
        "cuisine": "italian",
        "email": "info@vinorossosf.com",
        "name": "Vinorosso Enoteca",
        "opening_hours": "Mo-Fr 16:00-23:00; Sa 15:00-23:00; Su 15:00-22:00",
        "phone": "+1-415-647-1268",
        "website": "http://www.vinorossosf.com."
      },
      "geometry": {
        "type": "Point",
        "coordinates": [
          -122.4153708,
          37.7390486
        ]
      },
      "id": "node/4972855035"
    },
    {
      "type": "Feature",
      "properties": {
        "@id": "node/4987099522",
        "addr:city": "San Francisco",
        "addr:housenumber": "1980",
        "addr:postcode": "94123",
        "addr:state": "CA",
        "addr:street": "Union Street",
        "amenity": "bar",
        "name": "Bar None",
        "name:en": "Bar None",
        "phone": "+1-415-409-4469",
        "website": "https://sfbarnone.com/"
      },
      "geometry": {
        "type": "Point",
        "coordinates": [
          -122.4319104,
          37.797663
        ]
      },
      "id": "node/4987099522"
    },
    {
      "type": "Feature",
      "properties": {
        "@id": "node/5264776821",
        "amenity": "bar",
        "indoor_seating": "yes",
        "name": "Victory Hall & Parlor",
        "opening_hours": "Mo 16:00-22:00; Tu-Fr 11:30-22:00; Sa,Su 10:30-22:00",
        "outdoor_seating": "yes",
        "phone": "+1-415-543-4255",
        "website": "https://www.victoryhallsf.com/",
        "wheelchair": "yes"
      },
      "geometry": {
        "type": "Point",
        "coordinates": [
          -122.3940943,
          37.7789359
        ]
      },
      "id": "node/5264776821"
    },
    {
      "type": "Feature",
      "properties": {
        "@id": "node/5352315989",
        "addr:city": "San Francisco",
        "addr:housenumber": "198",
        "addr:postcode": "94114",
        "addr:state": "CA",
        "addr:street": "Church Street",
        "amenity": "pub",
        "check_date": "2025-06-28",
        "cocktails": "yes",
        "contact:facebook": "Churchillsf",
        "contact:instagram": "churchillbarsf",
        "drink:beer": "yes",
        "drink:wine": "yes",
        "email": "info@churchillsf.com",
        "indoor_seating": "yes",
        "level": "0",
        "name": "Churchill",
        "opening_hours": "Su,Mo 16:00-24:00; Tu-Sa 16:00-26:00",
        "opening_hours:url": "https://www.churchillsf.com/",
        "outdoor_seating": "no",
        "phone": "+1 415 5709198",
        "reservation": "yes",
        "smoking": "no",
        "website": "https://www.churchillsf.com/",
        "website:menu": "https://www.churchillsf.com/menu",
        "wheelchair": "yes"
      },
      "geometry": {
        "type": "Point",
        "coordinates": [
          -122.4291843,
          37.7678473
        ]
      },
      "id": "node/5352315989"
    },
    {
      "type": "Feature",
      "properties": {
        "@id": "node/5538811245",
        "addr:city": "San Francisco",
        "addr:housenumber": "1318",
        "addr:postcode": "94107",
        "addr:state": "CA",
        "addr:street": "18th Street",
        "amenity": "bar",
        "name": "Blooms Saloon",
        "outdoor_seating": "yes",
        "wheelchair": "limited"
      },
      "geometry": {
        "type": "Point",
        "coordinates": [
          -122.3960042,
          37.7627366
        ]
      },
      "id": "node/5538811245"
    },
    {
      "type": "Feature",
      "properties": {
        "@id": "node/5538811250",
        "addr:housenumber": "1419",
        "addr:street": "18th Street",
        "amenity": "bar",
        "bar": "wine_bar",
        "name": "Ruby Wine",
        "outdoor_seating": "yes",
        "shop": "wine",
        "website": "https://rubywinesf.com/"
      },
      "geometry": {
        "type": "Point",
        "coordinates": [
          -122.3969617,
          37.7624711
        ]
      },
      "id": "node/5538811250"
    },
    {
      "type": "Feature",
      "properties": {
        "@id": "node/5596090221",
        "addr:city": "San Francisco",
        "addr:housenumber": "600",
        "addr:postcode": "94102",
        "addr:state": "CA",
        "addr:street": "Polk Street",
        "amenity": "bar",
        "check_date": "2025-07-15",
        "cocktails": "yes",
        "contact:facebook": "whitechapelsf",
        "contact:instagram": "whitechapelsf",
        "contact:twitter": "whitechapelsf",
        "drink:beer": "yes",
        "drink:wine": "yes",
        "email": "info@whitechapelsf.com",
        "food": "yes",
        "indoor_seating": "yes",
        "internet_access": "wlan",
        "name": "Whitechapel",
        "opening_hours": "Mo,Tu,Su off; We,Th 17:00-22:00; Fr,Sa 17:00-24:00",
        "opening_hours:kitchen": "We-Sa 17:00-21:00",
        "opening_hours:url": "https://www.whitechapelsf.com",
        "outdoor_seating": "no",
        "reservation": "no",
        "sport": "billiards",
        "url": "https://menu.smarttab.com/whitechapelsf/1/",
        "website": "https://www.whitechapelsf.com",
        "wheelchair": "yes"
      },
      "geometry": {
        "type": "Point",
        "coordinates": [
          -122.4188956,
          37.7822987
        ]
      },
      "id": "node/5596090221"
    },
    {
      "type": "Feature",
      "properties": {
        "@id": "node/5612872169",
        "addr:city": "San Francisco",
        "addr:housenumber": "119",
        "addr:postcode": "94103",
        "addr:state": "CA",
        "addr:street": "Utah Street",
        "amenity": "bar",
        "name": "The Great Northern",
        "phone": "+1-415-626-7001",
        "website": "https://thegreatnorthernsf.com"
      },
      "geometry": {
        "type": "Point",
        "coordinates": [
          -122.4065246,
          37.7676612
        ]
      },
      "id": "node/5612872169"
    },
    {
      "type": "Feature",
      "properties": {
        "@id": "node/5796524756",
        "addr:street": "Lombard Street",
        "amenity": "bar",
        "cuisine": "hot_dog;pizza",
        "internet_access": "wlan",
        "name": "Final final"
      },
      "geometry": {
        "type": "Point",
        "coordinates": [
          -122.44584,
          37.7985479
        ]
      },
      "id": "node/5796524756"
    },
    {
      "type": "Feature",
      "properties": {
        "@id": "node/5840675540",
        "addr:housenumber": "116",
        "addr:postcode": "94118",
        "addr:street": "Clement Street",
        "amenity": "pub",
        "name": "The Plough and the Stars",
        "opening_hours": "\"Shut down for COVID\""
      },
      "geometry": {
        "type": "Point",
        "coordinates": [
          -122.4605138,
          37.7832553
        ]
      },
      "id": "node/5840675540"
    },
    {
      "type": "Feature",
      "properties": {
        "@id": "node/5876905615",
        "addr:city": "San Francisco",
        "addr:housenumber": "4045",
        "addr:postcode": "94122",
        "addr:state": "CA",
        "addr:street": "Judah Street",
        "amenity": "bar",
        "name": "Woods Outbound"
      },
      "geometry": {
        "type": "Point",
        "coordinates": [
          -122.5055935,
          37.7603154
        ]
      },
      "id": "node/5876905615"
    },
    {
      "type": "Feature",
      "properties": {
        "@id": "node/5880291830",
        "addr:housenumber": "1166",
        "addr:postcode": "94112",
        "addr:street": "Geneva Avenue",
        "amenity": "bar",
        "internet_access": "wlan",
        "name": "The Halfway Club",
        "opening_hours": "Tu-Th 16:00-00:00; Fr-Sa 16:00-01:00; Su 16:00-21:00",
        "phone": "+1-628-377-0020",
        "website": "https://www.halfwayclub.com/"
      },
      "geometry": {
        "type": "Point",
        "coordinates": [
          -122.436924,
          37.7143665
        ]
      },
      "id": "node/5880291830"
    },
    {
      "type": "Feature",
      "properties": {
        "@id": "node/5992714949",
        "addr:housenumber": "2919",
        "addr:street": "16th Street",
        "amenity": "bar",
        "check_date": "2024-04-06",
        "name": "The City Club"
      },
      "geometry": {
        "type": "Point",
        "coordinates": [
          -122.417997,
          37.7650324
        ]
      },
      "id": "node/5992714949"
    },
    {
      "type": "Feature",
      "properties": {
        "@id": "node/6064189082",
        "addr:city": "San Francisco",
        "addr:housenumber": "1",
        "addr:postcode": "94130",
        "addr:state": "CA",
        "addr:street": "Avenue of the Palms",
        "amenity": "bar",
        "brewery": "wine",
        "fixme": "Determine position within the building",
        "name": "Woods Island Club",
        "website": "https://www.woodsbeer.com/island-club"
      },
      "geometry": {
        "type": "Point",
        "coordinates": [
          -122.3708292,
          37.8170938
        ]
      },
      "id": "node/6064189082"
    },
    {
      "type": "Feature",
      "properties": {
        "@id": "node/6210959985",
        "addr:city": "San Francisco",
        "addr:housenumber": "1548",
        "addr:state": "CA",
        "addr:street": "Polk Street",
        "amenity": "bar",
        "check_date": "2023-01-13",
        "name": "Kozy Kar",
        "opening_hours": "Th-Sa 19:00-26:00",
        "opening_hours:url": "http://kozykar.com/",
        "phone": "+1 415 3465699",
        "website": "http://kozykar.com/"
      },
      "geometry": {
        "type": "Point",
        "coordinates": [
          -122.4207198,
          37.791365
        ]
      },
      "id": "node/6210959985"
    },
    {
      "type": "Feature",
      "properties": {
        "@id": "node/6242795781",
        "addr:housenumber": "3050",
        "addr:street": "24th Street",
        "amenity": "bar",
        "brewery": "yes",
        "check_date": "2023-02-11",
        "name": "Ruth’s at Treat Street",
        "opening_hours": "Mo,Su 13:00-24:00; Tu-Sa 13:00-02:00"
      },
      "geometry": {
        "type": "Point",
        "coordinates": [
          -122.4131711,
          37.7526938
        ]
      },
      "id": "node/6242795781"
    },
    {
      "type": "Feature",
      "properties": {
        "@id": "node/6314144277",
        "addr:city": "San Francisco",
        "addr:housenumber": "1526",
        "addr:postcode": "94115",
        "addr:state": "CA",
        "addr:street": "Fillmore Street",
        "amenity": "pub",
        "check_date": "2023-07-29",
        "drink:byob": "yes",
        "name": "Fillmore Billiards",
        "phone": "+1-415-673-3514",
        "sport": "billiards"
      },
      "geometry": {
        "type": "Point",
        "coordinates": [
          -122.4326455,
          37.7837256
        ]
      },
      "id": "node/6314144277"
    },
    {
      "type": "Feature",
      "properties": {
        "@id": "node/6371909286",
        "addr:housenumber": "400",
        "addr:street": "Eddy Street",
        "amenity": "bar",
        "name": "Black cat"
      },
      "geometry": {
        "type": "Point",
        "coordinates": [
          -122.4144505,
          37.7839108
        ]
      },
      "id": "node/6371909286"
    },
    {
      "type": "Feature",
      "properties": {
        "@id": "node/6371947786",
        "amenity": "bar",
        "check_date": "2025-11-19",
        "cocktails": "yes",
        "contact:facebook": "CharmainesSanFrancisco",
        "contact:yelp": "https://www.yelp.com/biz/charmaines-san-francisco",
        "email": "info@charmainessf.com",
        "name": "Charmaine's rooftop bar",
        "official_name": "Charmaine's",
        "opening_hours": "Mo-Th 17:00-23:00; Fr 17:00-24:00; Sa 16:00-24:00; Su 16:00-23:00",
        "opening_hours:url": "https://www.charmainessf.com",
        "payment:credit_cards": "yes",
        "payment:debit_cards": "yes",
        "phone": "+1 415 7863467",
        "reservation": "yes",
        "website": "https://www.charmainessf.com"
      },
      "geometry": {
        "type": "Point",
        "coordinates": [
          -122.4122888,
          37.780993
        ]
      },
      "id": "node/6371947786"
    },
    {
      "type": "Feature",
      "properties": {
        "@id": "node/6426948685",
        "addr:city": "San Francisco",
        "addr:housenumber": "3565",
        "addr:postcode": "94110",
        "addr:state": "CA",
        "addr:street": "20th Street",
        "amenity": "bar",
        "name": "20 Spot",
        "opening_hours": "Tu-Th 17:00-21:30; Fr-Sa 17:00-22:30",
        "website": "https://www.20spot.com/",
        "wheelchair": "yes"
      },
      "geometry": {
        "type": "Point",
        "coordinates": [
          -122.4204199,
          37.7584304
        ]
      },
      "id": "node/6426948685"
    },
    {
      "type": "Feature",
      "properties": {
        "@id": "node/6440030071",
        "addr:housenumber": "1785",
        "addr:street": "Fulton Street",
        "amenity": "pub",
        "check_date": "2026-06-09",
        "level": "0",
        "name": "The Laughing Monk",
        "opening_hours": "Mo-Th,Su 11:30-22:00; Fr-Sa 11:30-24:00",
        "phone": "+1-415-638-6667",
        "website": "https://fulton.laughingmonk.com",
        "wheelchair": "yes"
      },
      "geometry": {
        "type": "Point",
        "coordinates": [
          -122.4460528,
          37.77574
        ]
      },
      "id": "node/6440030071"
    },
    {
      "type": "Feature",
      "properties": {
        "@id": "node/6450218486",
        "addr:city": "San Francisco",
        "addr:housenumber": "1040",
        "addr:state": "CA",
        "addr:street": "Hyde Street",
        "amenity": "bar",
        "contact:facebook": "liquidgoldsf",
        "contact:instagram": "liquidgoldsf",
        "contact:twitter": "LiquidGold_SF",
        "drink:beer": "yes",
        "email": "liquidgoldsf@gmail.com",
        "name": "Liquid Gold",
        "opening_hours": "Mo-Th 15:00-21:00; Fr 15:00-22:00; Sa 14:00-22:00; Su 14:00-20:00",
        "phone": "+1 415 6605142",
        "website": "https://www.liquidgoldsf.com/",
        "website:menu": "https://www.liquidgoldsf.com/live-tap-menu"
      },
      "geometry": {
        "type": "Point",
        "coordinates": [
          -122.417187,
          37.7905812
        ]
      },
      "id": "node/6450218486"
    },
    {
      "type": "Feature",
      "properties": {
        "@id": "node/6486930284",
        "addr:city": "San Francisco",
        "addr:housenumber": "5625",
        "addr:postcode": "94121",
        "addr:state": "CA",
        "addr:street": "Geary Boulevard",
        "amenity": "bar",
        "check_date": "2026-07-18",
        "name": "The Blarney Stone",
        "opening_hours": "Mo-Fr 14:00-02:00; Sa-Su 10:00-02:00"
      },
      "geometry": {
        "type": "Point",
        "coordinates": [
          -122.4799505,
          37.7801295
        ]
      },
      "id": "node/6486930284"
    },
    {
      "type": "Feature",
      "properties": {
        "@id": "node/6502703601",
        "addr:housenumber": "1430",
        "addr:street": "Noriega Street",
        "amenity": "bar",
        "name": "Boomerang",
        "name:ko": "부메랑"
      },
      "geometry": {
        "type": "Point",
        "coordinates": [
          -122.4791847,
          37.7542699
        ]
      },
      "id": "node/6502703601"
    },
    {
      "type": "Feature",
      "properties": {
        "@id": "node/6515692972",
        "addr:city": "San Francisco",
        "addr:housenumber": "3745",
        "addr:postcode": "94118",
        "addr:state": "CA",
        "addr:street": "Geary Boulevard",
        "amenity": "bar",
        "name": "Happy Lounge"
      },
      "geometry": {
        "type": "Point",
        "coordinates": [
          -122.4597222,
          37.7810461
        ]
      },
      "id": "node/6515692972"
    },
    {
      "type": "Feature",
      "properties": {
        "@id": "node/6679529685",
        "alt_name": "Kell’s Irish Pub and Restaurant",
        "amenity": "bar",
        "name": "Kell’s",
        "theme": "irish"
      },
      "geometry": {
        "type": "Point",
        "coordinates": [
          -122.4040582,
          37.7964373
        ]
      },
      "id": "node/6679529685"
    },
    {
      "type": "Feature",
      "properties": {
        "@id": "node/6679598285",
        "addr:housenumber": "1353",
        "addr:street": "Grant Avenue",
        "amenity": "bar",
        "check_date": "2026-07-30",
        "name": "Maggie McGarrys",
        "phone": "+1 415-399-9020"
      },
      "geometry": {
        "type": "Point",
        "coordinates": [
          -122.4074577,
          37.7994205
        ]
      },
      "id": "node/6679598285"
    },
    {
      "type": "Feature",
      "properties": {
        "@id": "node/6744788662",
        "amenity": "bar",
        "name": "Lincoln Park Bar & Grill"
      },
      "geometry": {
        "type": "Point",
        "coordinates": [
          -122.4943464,
          37.7823521
        ]
      },
      "id": "node/6744788662"
    },
    {
      "type": "Feature",
      "properties": {
        "@id": "node/6791676291",
        "addr:housenumber": "443",
        "addr:street": "Clement Street",
        "amenity": "bar",
        "check_date": "2026-03-13",
        "check_date:opening_hours": "2024-07-14",
        "level": "0",
        "name": "High Treason",
        "opening_hours:signed": "no",
        "wheelchair": "yes"
      },
      "geometry": {
        "type": "Point",
        "coordinates": [
          -122.4641076,
          37.7828417
        ]
      },
      "id": "node/6791676291"
    },
    {
      "type": "Feature",
      "properties": {
        "@id": "node/6831790664",
        "amenity": "bar",
        "check_date": "2026-01-21",
        "name": "Would You Believe? Cocktails"
      },
      "geometry": {
        "type": "Point",
        "coordinates": [
          -122.4695178,
          37.7809733
        ]
      },
      "id": "node/6831790664"
    },
    {
      "type": "Feature",
      "properties": {
        "@id": "node/6831790677",
        "addr:housenumber": "4701",
        "addr:street": "Geary Boulevard",
        "amenity": "bar",
        "check_date": "2026-01-21",
        "level": "0",
        "name": "The Hearth",
        "opening_hours": "Mo-Fr 14:00-26:00; Sa-Su 12:00-26:00",
        "wheelchair": "yes"
      },
      "geometry": {
        "type": "Point",
        "coordinates": [
          -122.4697821,
          37.780611
        ]
      },
      "id": "node/6831790677"
    },
    {
      "type": "Feature",
      "properties": {
        "@id": "node/6836067589",
        "addr:city": "San Francisco",
        "addr:country": "US",
        "addr:housenumber": "598",
        "addr:postcode": "94118",
        "addr:state": "CA",
        "addr:street": "5th Avenue",
        "amenity": "bar",
        "check_date": "2025-07-16",
        "contact:facebook": "https://www.facebook.com/people/OKeeffes-Bar/100065323876756/",
        "level": "0",
        "name": "O'Keeffe's",
        "phone": "+1 415-751-1449",
        "wheelchair": "limited"
      },
      "geometry": {
        "type": "Point",
        "coordinates": [
          -122.462826,
          37.7773986
        ]
      },
      "id": "node/6836067589"
    },
    {
      "type": "Feature",
      "properties": {
        "@id": "node/6839009628",
        "amenity": "bar",
        "name": "Overtime"
      },
      "geometry": {
        "type": "Point",
        "coordinates": [
          -122.4638605,
          37.7812248
        ]
      },
      "id": "node/6839009628"
    },
    {
      "type": "Feature",
      "properties": {
        "@id": "node/6874561750",
        "amenity": "bar",
        "check_date": "2024-01-16",
        "level": "0",
        "name": "White Cap",
        "opening_hours": "Mo-Th 15:00-23:00, Fr 15:00-00:30, Sa 12:30-00:30, Su 12:30-23:00",
        "outdoor_seating": "yes",
        "website": "https://whitecapsf.com/"
      },
      "geometry": {
        "type": "Point",
        "coordinates": [
          -122.5048589,
          37.7418792
        ]
      },
      "id": "node/6874561750"
    },
    {
      "type": "Feature",
      "properties": {
        "@id": "node/7044799092",
        "addr:city": "San Francisco",
        "addr:housenumber": "39",
        "addr:state": "CA",
        "addr:street": "Fell Street",
        "amenity": "bar",
        "name": "Mr. Tipple's Recording Studio",
        "opening_hours": "We-Th 18:00-23:00; Fr-Sa 17:30-00:00",
        "website": "https://mrtipplessf.com/"
      },
      "geometry": {
        "type": "Point",
        "coordinates": [
          -122.418569,
          37.7763736
        ]
      },
      "id": "node/7044799092"
    },
    {
      "type": "Feature",
      "properties": {
        "@id": "node/7127196316",
        "amenity": "bar",
        "name": "Midnight Sun"
      },
      "geometry": {
        "type": "Point",
        "coordinates": [
          -122.43432,
          37.7608265
        ]
      },
      "id": "node/7127196316"
    },
    {
      "type": "Feature",
      "properties": {
        "@id": "node/7876524201",
        "addr:city": "San Francisco",
        "addr:housenumber": "558",
        "addr:postcode": "94127",
        "addr:state": "CA",
        "addr:street": "Monterey Boulevard",
        "amenity": "bar",
        "brewery": "yes",
        "min_age": "21",
        "name": "Friend's Bar"
      },
      "geometry": {
        "type": "Point",
        "coordinates": [
          -122.4479698,
          37.7318373
        ]
      },
      "id": "node/7876524201"
    },
    {
      "type": "Feature",
      "properties": {
        "@id": "node/9023334561",
        "amenity": "bar",
        "level": "1",
        "name": "Luau Lounge Tiki Bar"
      },
      "geometry": {
        "type": "Point",
        "coordinates": [
          -122.4103446,
          37.8112453
        ]
      },
      "id": "node/9023334561"
    },
    {
      "type": "Feature",
      "properties": {
        "@id": "node/9039255113",
        "addr:city": "San Francisco",
        "addr:housenumber": "700",
        "addr:postcode": "94133",
        "addr:state": "CA",
        "addr:street": "Columbus Avenue",
        "amenity": "bar",
        "name": "Bodega Wine Bar",
        "opening_hours": "Tu-Fr 17:00-23:00; Sa 09:00-23:00",
        "website": "https://www.bodegasf.com/"
      },
      "geometry": {
        "type": "Point",
        "coordinates": [
          -122.411387,
          37.8012883
        ]
      },
      "id": "node/9039255113"
    },
    {
      "type": "Feature",
      "properties": {
        "@id": "node/9046364948",
        "addr:city": "San Francisco",
        "addr:housenumber": "957",
        "addr:postcode": "94133",
        "addr:state": "CA",
        "addr:street": "Columbus Avenue",
        "amenity": "bar",
        "name": "La Rocca's Corner",
        "opening_hours": "Mo-Su 11:00-02:00"
      },
      "geometry": {
        "type": "Point",
        "coordinates": [
          -122.4146113,
          37.8032002
        ]
      },
      "id": "node/9046364948"
    },
    {
      "type": "Feature",
      "properties": {
        "@id": "node/9181748926",
        "addr:city": "San Francisco",
        "addr:housenumber": "895",
        "addr:state": "CA",
        "addr:street": "Bush Street",
        "amenity": "bar",
        "check_date": "2026-04-22",
        "cocktails": "yes",
        "contact:facebook": "stookeysclubmoderne",
        "contact:instagram": "scmoderne",
        "contact:twitter": "StookeysCM",
        "email": "info@stookeysclubmoderne.com",
        "indoor_seating": "yes",
        "name": "Stookey's Club Moderne",
        "opening_hours": "Mo 18:00-24:30; Tu-We,Su 16:30-26:00; Th-Sa 17:00-26:00",
        "opening_hours:url": "https://www.stookeysclubmoderne.com/",
        "outdoor_seating": "no",
        "payment:credit_cards": "yes",
        "phone": "+1 415 7719695",
        "website": "https://www.stookeysclubmoderne.com/",
        "website:menu": "https://www.stookeysclubmoderne.com/menu",
        "wheelchair": "yes"
      },
      "geometry": {
        "type": "Point",
        "coordinates": [
          -122.4119492,
          37.7896441
        ]
      },
      "id": "node/9181748926"
    },
    {
      "type": "Feature",
      "properties": {
        "@id": "node/9181815639",
        "addr:housenumber": "895",
        "addr:street": "Post Street",
        "amenity": "bar",
        "cocktails": "yes",
        "contact:instagram": "propagationsf",
        "internet_access": "no",
        "name": "Propagation",
        "old_name": "SF Coin Laundry Company",
        "opening_hours": "Tu-Th 16:00-24:00; Fr 00:00-02:00,16:00-24:00; Sa 00:00-02:00,14:30-24:00; Su 00:00-02:00",
        "reservation": "no",
        "website": "https://www.propagationsf.com/",
        "wheelchair": "yes"
      },
      "geometry": {
        "type": "Point",
        "coordinates": [
          -122.4164929,
          37.7871545
        ]
      },
      "id": "node/9181815639"
    },
    {
      "type": "Feature",
      "properties": {
        "@id": "node/9194418323",
        "addr:city": "San Francisco",
        "addr:housenumber": "700",
        "addr:state": "CA",
        "addr:street": "Sutter Street",
        "amenity": "pub",
        "check_date": "2023-02-20",
        "contact:facebook": "sutterpub",
        "contact:yelp": "http://www.yelp.com/biz/sutter-pub-san-francisco",
        "drink:beer": "yes",
        "food": "yes",
        "name": "Sutter Pub & Restaurant",
        "opening_hours": "Su-Th 08:00-22:00; Fr,Sa 08:00-22:30",
        "outdoor_seating": "yes",
        "phone": "+1 415 4005840",
        "website": "http://www.sutterpubsf.com/",
        "website:menu": "http://www.sutterpubsf.com/menu.html",
        "wheelchair": "yes"
      },
      "geometry": {
        "type": "Point",
        "coordinates": [
          -122.4120659,
          37.7889112
        ]
      },
      "id": "node/9194418323"
    },
    {
      "type": "Feature",
      "properties": {
        "@id": "node/9200292442",
        "amenity": "bar",
        "cocktails": "yes",
        "contact:instagram": "festakaraoke",
        "drink:beer": "yes",
        "drink:sake": "yes",
        "drink:wine": "yes",
        "email": "masaem@ix.netcom.com",
        "karaoke": "yes",
        "level": "1",
        "name": "Festa Wine & Cocktail Lounge",
        "opening_hours": "Mo-Th,Su 19:30-25:00; Fr,Sa 19:30-26:00",
        "opening_hours:url": "https://festalounge.com/",
        "payment:cash": "yes",
        "payment:credit_cards": "yes",
        "phone": "+1 415 5675866",
        "reservation": "yes",
        "website": "https://festalounge.com/",
        "website:menu": "https://festalounge.com/menu/"
      },
      "geometry": {
        "type": "Point",
        "coordinates": [
          -122.4316091,
          37.7851784
        ]
      },
      "id": "node/9200292442"
    },
    {
      "type": "Feature",
      "properties": {
        "@id": "node/9254580053",
        "addr:city": "San Francisco",
        "addr:housenumber": "2020",
        "addr:postcode": "94115",
        "addr:state": "CA",
        "addr:street": "Fillmore Street",
        "amenity": "bar",
        "contact:facebook": "harrysbarsf",
        "contact:instagram": "harrysbarsanfrancisco",
        "contact:twitter": "harrysbarsf",
        "min_age": "21",
        "name": "Harry's Bar",
        "opening_hours": "Mo,Tu 16:00-23:00; We,Th 16:00-24:00; Fr 14:00-26:00; Sa 10:00-26:00; Su 10:00-23:00",
        "opening_hours:url": "https://harrysbarsf.com/",
        "phone": "+1 415 921 1000",
        "website": "https://harrysbarsf.com/"
      },
      "geometry": {
        "type": "Point",
        "coordinates": [
          -122.4335814,
          37.7883367
        ]
      },
      "id": "node/9254580053"
    },
    {
      "type": "Feature",
      "properties": {
        "@id": "node/9322450623",
        "amenity": "bar",
        "indoor_seating": "yes",
        "name": "Clock Bar",
        "outdoor_seating": "no",
        "website": "https://www.michaelmina.net/restaurants/clock-bar/"
      },
      "geometry": {
        "type": "Point",
        "coordinates": [
          -122.4087185,
          37.787738
        ]
      },
      "id": "node/9322450623"
    },
    {
      "type": "Feature",
      "properties": {
        "@id": "node/9322450624",
        "addr:floor": "46",
        "addr:housenumber": "333",
        "addr:street": "O'Farrell Street",
        "amenity": "bar",
        "description": "Bar with a scenic view of the city",
        "name": "Cityscape Lounge",
        "opening_hours": "Mo-Su 16:00-24:00",
        "tourism": "viewpoint",
        "website": "https://www.cityscapesf.com/"
      },
      "geometry": {
        "type": "Point",
        "coordinates": [
          -122.4109326,
          37.7853003
        ]
      },
      "id": "node/9322450624"
    },
    {
      "type": "Feature",
      "properties": {
        "@id": "node/9328656115",
        "addr:housenumber": "685",
        "addr:street": "Sutter Street",
        "amenity": "bar",
        "cocktails": "yes",
        "contact:facebook": "https://www.facebook.com/Persona-SF-107831278214358",
        "contact:instagram": "persona_sf",
        "contact:twitter": "persona_415",
        "contact:vimeo": "https://vimeo.com/580474524",
        "contact:yelp": "https://www.yelp.com/biz/persona-san-francisco-2",
        "email": "info@persona-sf.com",
        "happy_hours": "Tu-Fr 16:00-18:00",
        "level": "-1",
        "name": "Persona",
        "opening_hours": "Tu-Sa 16:00-26:00; Mo,Su off",
        "opening_hours:url": "https://www.persona-sf.com",
        "phone": "+1 415 4004598",
        "website": "https://www.persona-sf.com/"
      },
      "geometry": {
        "type": "Point",
        "coordinates": [
          -122.4115659,
          37.7887317
        ]
      },
      "id": "node/9328656115"
    },
    {
      "type": "Feature",
      "properties": {
        "@id": "node/9328898384",
        "addr:city": "San Francisco",
        "addr:floor": "4",
        "addr:housenumber": "165",
        "addr:state": "CA",
        "addr:street": "O'Farrell Street",
        "amenity": "bar",
        "cocktails": "yes",
        "contact:facebook": "One65SF",
        "contact:instagram": "one65sf",
        "contact:twitter": "one65sf",
        "food": "yes",
        "indoor": "yes",
        "indoor_seating": "yes",
        "level": "3",
        "name": "Elements Bar and Lounge",
        "opening_hours": "Th-Sa 15:30-22:00",
        "outdoor_seating": "no",
        "phone": "+1 415 8148888",
        "short_name": "Elements",
        "website": "https://www.one65sf.com/",
        "wheelchair": "yes"
      },
      "geometry": {
        "type": "Point",
        "coordinates": [
          -122.4073527,
          37.7862923
        ]
      },
      "id": "node/9328898384"
    },
    {
      "type": "Feature",
      "properties": {
        "@id": "node/9341171152",
        "addr:city": "San Francisco",
        "addr:housenumber": "2113",
        "addr:postcode": "94123",
        "addr:state": "CA",
        "addr:street": "Chestnut Street",
        "amenity": "bar",
        "contact:facebook": "californiawinemerchant",
        "contact:instagram": "californiawinemerchant",
        "email": "wineclub@californiawinemerchant.com",
        "name": "California Wine Merchant",
        "opening_hours": "Mo-Th 13:00-22:00; Fr-Sa 13:00-24:00; Su 14:00-19:00",
        "opening_hours:url": "https://www.californiawinemerchant.com/",
        "phone": "+1 415 5670646",
        "shop": "wine",
        "website": "https://www.californiawinemerchant.com/",
        "website:calendar": "https://www.californiawinemerchant.com/events"
      },
      "geometry": {
        "type": "Point",
        "coordinates": [
          -122.4382664,
          37.8004562
        ]
      },
      "id": "node/9341171152"
    },
    {
      "type": "Feature",
      "properties": {
        "@id": "node/9354806822",
        "addr:city": "San Francisco",
        "addr:floor": "2",
        "addr:housenumber": "1160",
        "addr:state": "CA",
        "addr:street": "Polk Street",
        "amenity": "pub",
        "check_date": "2023-02-09",
        "contact:facebook": "upciderSF",
        "contact:instagram": "upcidersf",
        "contact:yelp": "https://www.yelp.com/biz/upcider-san-francisco",
        "diet:vegan": "no",
        "diet:vegetarian": "yes",
        "email": "info@upcidersf.com",
        "food": "yes",
        "indoor_seating": "yes",
        "level": "2",
        "name": "upcider",
        "opening_hours": "Tu-Th 17:00-24:00; Fr-Sa 17:00-25:00; Su 15:00-22:00; Mo off",
        "outdoor_seating": "no",
        "phone": "+1 415 9665730",
        "website": "https://www.upcidersf.com/",
        "wheelchair": "no"
      },
      "geometry": {
        "type": "Point",
        "coordinates": [
          -122.4199677,
          37.7876712
        ]
      },
      "id": "node/9354806822"
    },
    {
      "type": "Feature",
      "properties": {
        "@id": "node/9354883874",
        "addr:city": "San Francisco",
        "addr:housenumber": "1176",
        "addr:state": "CA",
        "addr:street": "Sutter Street",
        "amenity": "bar",
        "check_date": "2023-01-23",
        "email": "info@rbarsf.com",
        "name": "R Bar",
        "opening_hours": "Mo-Fr 14:00-26:00; Sa 12:00-26:00; Su 10:00-26:00",
        "phone": "+1 415 5677441",
        "website": "http://rbarsf.com/"
      },
      "geometry": {
        "type": "Point",
        "coordinates": [
          -122.4198211,
          37.7879068
        ]
      },
      "id": "node/9354883874"
    },
    {
      "type": "Feature",
      "properties": {
        "@id": "node/9401048618",
        "addr:city": "San Francisco",
        "addr:housenumber": "1319",
        "addr:state": "CA",
        "addr:street": "California Street",
        "amenity": "bar",
        "drink:beer": "yes",
        "drink:wine": "yes",
        "email": "info@zekisbar.com",
        "indoor_seating": "yes",
        "name": "Zeki's Bar",
        "opening_hours": "Mo-Su 16:00-26:00",
        "opening_hours:url": "http://www.zekisbar.com/",
        "phone": "+1 415 928 0677",
        "website": "http://www.zekisbar.com/",
        "wheelchair": "limited",
        "wheelchair:description:en": "There's a high step in front of the bar. A sign says \"ring bell for assistance\""
      },
      "geometry": {
        "type": "Point",
        "coordinates": [
          -122.4161898,
          37.7910182
        ]
      },
      "id": "node/9401048618"
    },
    {
      "type": "Feature",
      "properties": {
        "@id": "node/9403976636",
        "addr:housenumber": "842",
        "addr:street": "Valencia Street",
        "amenity": "bar",
        "check_date": "2026-05-10",
        "cocktails": "yes",
        "contact:facebook": "https://www.facebook.com/The-Beehive-SF-164311960990155/",
        "contact:instagram": "thebeehivesf",
        "email": "info@thebeehivesf.com",
        "food": "yes",
        "name": "The Beehive",
        "opening_hours": "Tu-Th 16:00-24:00, Fr 16:00-02:00, Sa 14:00-02:00, Su 14:00-22:00",
        "opening_hours:url": "https://www.thebeehivesf.com/",
        "website": "https://www.thebeehivesf.com/",
        "website:menu": "https://docs.wixstatic.com/ugd/fc5156_2c0b5e2c2e3e490c96b1ea3fe131e57d.pdf"
      },
      "geometry": {
        "type": "Point",
        "coordinates": [
          -122.4215245,
          37.7594191
        ]
      },
      "id": "node/9403976636"
    },
    {
      "type": "Feature",
      "properties": {
        "@id": "node/9405810158",
        "addr:city": "San Francisco",
        "addr:housenumber": "742",
        "addr:state": "CA",
        "addr:street": "Valencia Street",
        "amenity": "pub",
        "contact:instagram": "fortpointbeer",
        "name": "Fort Point Beer Company",
        "opening_hours": "Mo,Tu 12:00-21:00; We,Th 12:00-22:00; Fr,Sa 12:00-23:00; Su 12:00-20:00",
        "reservation": "no",
        "website": "https://fortpointbeer.com/locations/fort-point-valencia"
      },
      "geometry": {
        "type": "Point",
        "coordinates": [
          -122.421689,
          37.760967
        ]
      },
      "id": "node/9405810158"
    },
    {
      "type": "Feature",
      "properties": {
        "@id": "node/9416928749",
        "addr:city": "San Francisco",
        "addr:housenumber": "5346",
        "addr:state": "CA",
        "addr:street": "Geary Boulevard",
        "amenity": "pub",
        "check_date": "2026-07-18",
        "name": "The Nag's Head",
        "outdoor_seating": "no"
      },
      "geometry": {
        "type": "Point",
        "coordinates": [
          -122.477013,
          37.7806294
        ]
      },
      "id": "node/9416928749"
    },
    {
      "type": "Feature",
      "properties": {
        "@id": "node/9502079156",
        "addr:city": "San Francisco",
        "addr:housenumber": "32",
        "addr:state": "CA",
        "addr:street": "3rd Street",
        "amenity": "bar",
        "check_date": "2024-03-10",
        "cocktails": "yes",
        "contact:instagram": "konasstreetmarketbar",
        "email": "info@konastreetmarket.com",
        "indoor_seating": "yes",
        "name": "Kona’s Street Market",
        "opening_hours": "Mo-Th 17:00-23:00; Fr,Sa 16:00-24:00; Su off",
        "opening_hours:url": "https://konastreetmarket.com/",
        "outdoor_seating": "no",
        "website": "https://konastreetmarket.com/",
        "wheelchair": "yes"
      },
      "geometry": {
        "type": "Point",
        "coordinates": [
          -122.4032843,
          37.7870835
        ]
      },
      "id": "node/9502079156"
    },
    {
      "type": "Feature",
      "properties": {
        "@id": "node/9507011270",
        "amenity": "pub",
        "check_date": "2023-10-10",
        "cocktails": "yes",
        "contact:facebook": "SanFranciscoBrewingCo",
        "contact:instagram": "sfbrewingco",
        "contact:twitter": "sfbrewingco",
        "drink:beer": "yes",
        "drink:wine": "yes",
        "food": "yes",
        "level": "2",
        "name": "San Francisco Brewing Co.",
        "opening_hours": "Mo-Th 11:30-20:00; Fr 11:30-22:00; Sa 11:00-22:00; Su 11:00-20:00",
        "opening_hours:signed": "yes",
        "outdoor_seating": "yes",
        "phone": "+1 415 4842337",
        "sport": "billiards;shuffleboard",
        "website": "https://sfbrewingco.com/"
      },
      "geometry": {
        "type": "Point",
        "coordinates": [
          -122.4232131,
          37.80564
        ]
      },
      "id": "node/9507011270"
    },
    {
      "type": "Feature",
      "properties": {
        "@id": "node/9536469191",
        "addr:city": "San Francisco",
        "addr:housenumber": "1434",
        "addr:state": "CA",
        "addr:street": "Grant Avenue",
        "amenity": "bar",
        "check_date": "2022-02-07",
        "name": "Savoy Tivoli"
      },
      "geometry": {
        "type": "Point",
        "coordinates": [
          -122.4074183,
          37.8002745
        ]
      },
      "id": "node/9536469191"
    },
    {
      "type": "Feature",
      "properties": {
        "@id": "node/9538820439",
        "addr:housenumber": "16",
        "addr:street": "California Street",
        "amenity": "bar",
        "bar": "yes",
        "check_date": "2024-02-11",
        "cocktails": "yes",
        "description": "Small bar with daytime food. Mostly bar seating with a few small tables.",
        "drink:beer": "yes",
        "drink:coffee": "no",
        "drink:espresso": "no",
        "drink:wine": "yes",
        "email": "cafeterminusbar@gmail.com",
        "food": "yes",
        "name": "Terminus",
        "phone": "+1 415 9608405",
        "website": "https://www.terminussf.com/",
        "website:menu": "https://www.terminussf.com/menu"
      },
      "geometry": {
        "type": "Point",
        "coordinates": [
          -122.3967216,
          37.7937667
        ]
      },
      "id": "node/9538820439"
    },
    {
      "type": "Feature",
      "properties": {
        "@id": "node/9579873173",
        "addr:city": "San Francisco",
        "addr:housenumber": "1704",
        "addr:state": "CA",
        "addr:street": "Post Street",
        "amenity": "bar",
        "check_date": "2022-03-14",
        "description": "Karaoke bar",
        "karaoke": "yes",
        "level": "-1",
        "name": "Pagoda",
        "name:ko": "파고다",
        "opening_hours": "Mo-Su 17:00-26:00"
      },
      "geometry": {
        "type": "Point",
        "coordinates": [
          -122.4299995,
          37.7857142
        ]
      },
      "id": "node/9579873173"
    },
    {
      "type": "Feature",
      "properties": {
        "@id": "node/9581952684",
        "addr:city": "San Francisco",
        "addr:housenumber": "1700A",
        "addr:state": "CA",
        "addr:street": "Post Street",
        "amenity": "bar",
        "check_date": "2023-11-26",
        "cocktails": "yes",
        "drink:beer": "yes",
        "drink:wine": "yes",
        "food": "yes",
        "level": "1",
        "name": "Fermentation Lab",
        "opening_hours": "Mo off; Tu-Su 16:00-23:00",
        "website": "https://www.fermlabsf.com/",
        "wheelchair": "yes"
      },
      "geometry": {
        "type": "Point",
        "coordinates": [
          -122.4300336,
          37.7857024
        ]
      },
      "id": "node/9581952684"
    },
    {
      "type": "Feature",
      "properties": {
        "@id": "node/9592886313",
        "addr:city": "San Francisco",
        "addr:housenumber": "50",
        "addr:state": "CA",
        "addr:street": "Apparel Way",
        "amenity": "bar",
        "brewery": "Sequoia Sake",
        "check_date": "2023-01-14",
        "cocktails": "no",
        "contact:facebook": "sequoiasake",
        "contact:instagram": "sequoia_sake",
        "contact:twitter": "SequoiaSake",
        "contact:yelp": "https://www.yelp.com/biz/sequoia-sake-san-francisco",
        "contact:youtube": "https://www.youtube.com/channel/UC2hUhULM9xtYnSrLXxeGs6A",
        "drink:beer": "no",
        "drink:sake": "yes",
        "food": "no",
        "indoor_seating": "yes",
        "microbrewery": "yes",
        "name": "Sequoia Sake tasting room",
        "opening_hours": "Sa 14:00-19:00",
        "outdoor_seating": "no",
        "payment:credit_cards": "yes",
        "phone": "+1 415 2250515",
        "website": "https://sequoiasake.com/",
        "wheelchair": "yes"
      },
      "geometry": {
        "type": "Point",
        "coordinates": [
          -122.4031529,
          37.74044
        ]
      },
      "id": "node/9592886313"
    },
    {
      "type": "Feature",
      "properties": {
        "@id": "node/9592981167",
        "amenity": "pub",
        "contact:facebook": "Barebottle",
        "contact:twitter": "barebottlebeer",
        "dog": "yes",
        "drink:beer": "yes",
        "email": "info@barebottle.com",
        "name": "Barebottle Taproom",
        "note": "Refers to the taproom, the building refers to the brewery",
        "opening_hours": "Mo-Th 10:00-22:00; Fr-Sa 10:00-23:00; Su 10:00-21:00",
        "outdoor_seating": "yes",
        "phone": "+1 415 9268617",
        "website": "https://www.barebottle.com/san-francisco"
      },
      "geometry": {
        "type": "Point",
        "coordinates": [
          -122.4091302,
          37.7399113
        ]
      },
      "id": "node/9592981167"
    },
    {
      "type": "Feature",
      "properties": {
        "@id": "node/9593474639",
        "amenity": "bar",
        "cocktails": "yes",
        "contact:facebook": "bourbonandbranch",
        "contact:instagram": "bourbonandbranchsf",
        "description": "A speakeasy-themed bar that requires a password to get in",
        "food": "no",
        "name": "The Library",
        "note": "Unsigned. Part of Bourbon & Branch. This one doesn't require a reservation.",
        "opening_hours": "Su,Mo-We 18:00-24:00; Th-Sa 18:00-26:00",
        "opening_hours:url": "https://www.bourbonandbranch.com/library",
        "password": "\"books\"",
        "phone": "+1 415 3461735",
        "website": "https://www.bourbonandbranch.com/library"
      },
      "geometry": {
        "type": "Point",
        "coordinates": [
          -122.4132729,
          37.7858838
        ]
      },
      "id": "node/9593474639"
    },
    {
      "type": "Feature",
      "properties": {
        "@id": "node/9596331674",
        "addr:city": "San Francisco",
        "addr:housenumber": "398",
        "addr:postcode": "94103",
        "addr:state": "CA",
        "addr:street": "12th Street",
        "amenity": "bar",
        "check_date": "2024-01-27",
        "lgbtq": "primary",
        "name": "SF Eagle",
        "website": "https://thesfeagle.com/",
        "wikidata": "Q57083776"
      },
      "geometry": {
        "type": "Point",
        "coordinates": [
          -122.4133375,
          37.7699933
        ]
      },
      "id": "node/9596331674"
    },
    {
      "type": "Feature",
      "properties": {
        "@id": "node/9596331675",
        "addr:city": "San Francisco",
        "addr:housenumber": "1347",
        "addr:postcode": "94103",
        "addr:state": "CA",
        "addr:street": "Folsom Street",
        "amenity": "bar",
        "check_date": "2024-03-31",
        "lgbtq": "primary",
        "name": "Powerhouse"
      },
      "geometry": {
        "type": "Point",
        "coordinates": [
          -122.4121937,
          37.7731291
        ]
      },
      "id": "node/9596331675"
    },
    {
      "type": "Feature",
      "properties": {
        "@id": "node/9602091692",
        "addr:city": "San Francisco",
        "addr:housenumber": "57",
        "addr:postcode": "94108",
        "addr:state": "CA",
        "addr:street": "Wentworth Place",
        "amenity": "bar",
        "check_date": "2022-01-06",
        "contact:facebook": "https://www.facebook.com/groups/237579894121184/",
        "contact:instagram": "lionsdensf",
        "email": "info@lionsdenbarandlounge.com",
        "fax": "+1 628 2014275",
        "name": "Lion's Den Bar & Lounge",
        "phone": "+1 628 2014272",
        "reservation": "yes",
        "website": "https://www.lionsdenbarandlounge.com/"
      },
      "geometry": {
        "type": "Point",
        "coordinates": [
          -122.4062528,
          37.7957379
        ]
      },
      "id": "node/9602091692"
    },
    {
      "type": "Feature",
      "properties": {
        "@id": "node/9602333340",
        "addr:city": "San Francisco",
        "addr:housenumber": "1000",
        "addr:state": "CA",
        "addr:street": "Larkin Street",
        "amenity": "bar",
        "check_date": "2022-05-06",
        "cocktails": "yes",
        "contact:facebook": "membersonlysf",
        "contact:instagram": "membersonlysf",
        "email": "membersonlysf@gmail.com",
        "name": "Members Only",
        "reservation": "yes",
        "website": "https://membersonlysf.com/"
      },
      "geometry": {
        "type": "Point",
        "coordinates": [
          -122.4181867,
          37.7871752
        ]
      },
      "id": "node/9602333340"
    },
    {
      "type": "Feature",
      "properties": {
        "@id": "node/9647295026",
        "addr:housenumber": "1230",
        "addr:street": "Market Street",
        "amenity": "pub",
        "check_date": "2024-10-29",
        "cuisine": "american",
        "food": "yes",
        "name": "Fermentation Lab",
        "wheelchair": "yes"
      },
      "geometry": {
        "type": "Point",
        "coordinates": [
          -122.4155015,
          37.7783946
        ]
      },
      "id": "node/9647295026"
    },
    {
      "type": "Feature",
      "properties": {
        "@id": "node/9652999596",
        "amenity": "pub",
        "description": "Brewery",
        "drink:beer": "yes",
        "drink:wine": "yes",
        "food": "yes",
        "internet_access": "wlan",
        "internet_access:fee": "no",
        "microbrewery": "yes",
        "name": "San Francsco Brewing Co",
        "outdoor_seating": "yes",
        "website": "https://www.sfbrewingco.com/"
      },
      "geometry": {
        "type": "Point",
        "coordinates": [
          -122.399683,
          37.7680641
        ]
      },
      "id": "node/9652999596"
    },
    {
      "type": "Feature",
      "properties": {
        "@id": "node/9655241060",
        "addr:city": "San Francisco",
        "addr:housenumber": "482",
        "addr:postcode": "94102",
        "addr:state": "CA",
        "addr:street": "Hayes Street",
        "amenity": "bar",
        "check_date": "2023-01-05",
        "min_age": "21",
        "name": "Anina",
        "opening_hours": "Fr 14:00-01:00; Sa 13:00-01:00; Su 13:00-19:00; Mo-Tu 16:00-22:00; We 16:00-23:00; Th 15:00-01:00",
        "outdoor_seating": "yes",
        "website": "https://www.aninasf.com/"
      },
      "geometry": {
        "type": "Point",
        "coordinates": [
          -122.424297,
          37.7768284
        ]
      },
      "id": "node/9655241060"
    },
    {
      "type": "Feature",
      "properties": {
        "@id": "node/9657629728",
        "addr:city": "San Francisco",
        "addr:housenumber": "685",
        "addr:state": "CA",
        "addr:street": "Market Street",
        "amenity": "bar",
        "check_date": "2025-06-07",
        "indoor_seating": "yes",
        "name": "The Lark Bar",
        "outdoor_seating": "no"
      },
      "geometry": {
        "type": "Point",
        "coordinates": [
          -122.4027988,
          37.7879097
        ]
      },
      "id": "node/9657629728"
    },
    {
      "type": "Feature",
      "properties": {
        "@id": "node/9659740450",
        "amenity": "bar",
        "check_date": "2026-02-17",
        "name": "The European"
      },
      "geometry": {
        "type": "Point",
        "coordinates": [
          -122.4114078,
          37.7870831
        ]
      },
      "id": "node/9659740450"
    },
    {
      "type": "Feature",
      "properties": {
        "@id": "node/9659806929",
        "addr:city": "San Francisco",
        "addr:housenumber": "678",
        "addr:state": "CA",
        "addr:street": "Geary Street",
        "amenity": "bar",
        "check_date": "2023-07-05",
        "drink:beer": "yes",
        "drink:wine": "yes",
        "food": "yes",
        "name": "Resolute",
        "opening_hours": "Tu-Th 16:00-22:00; Fr 16:00-24:00; Sa 14:00-24:00; Su 14:00-22:00; Mo off",
        "opening_hours:url": "https://www.resolutesf.com/",
        "reservation": "yes",
        "website": "https://www.resolutesf.com/"
      },
      "geometry": {
        "type": "Point",
        "coordinates": [
          -122.4144477,
          37.7866893
        ]
      },
      "id": "node/9659806929"
    },
    {
      "type": "Feature",
      "properties": {
        "@id": "node/9662065899",
        "addr:city": "San Francisco",
        "addr:housenumber": "45",
        "addr:state": "CA",
        "addr:street": "Rose Street",
        "amenity": "bar",
        "contact:facebook": "Hotel-Biron-220288925182",
        "contact:instagram": "hotelbironwinebar",
        "description": "\"Wine Bar & Art Gallery\"",
        "drink:wine": "yes",
        "name": "Hôtel Biron",
        "opening_hours": "Mo-Su 17:00-25:00",
        "opening_hours:url": "https://hotelbironwinebar.com/",
        "phone": "+1 415 7805366",
        "website": "https://hotelbironwinebar.com/",
        "website:menu": "https://hotelbironwinebar.com/menu"
      },
      "geometry": {
        "type": "Point",
        "coordinates": [
          -122.4218682,
          37.7736071
        ]
      },
      "id": "node/9662065899"
    },
    {
      "type": "Feature",
      "properties": {
        "@id": "node/9684320117",
        "addr:city": "San Francisco",
        "addr:housenumber": "496",
        "addr:postcode": "94103",
        "addr:state": "CA",
        "addr:street": "14th Street",
        "amenity": "bar",
        "check_date": "2023-01-14",
        "contact:instagram": "barparttime",
        "name": "Bar Part Time",
        "name:en": "Bar Part Time",
        "opening_hours": "Tu-Th 17:00-23:00; Fr-Sa 17:00-01:00"
      },
      "geometry": {
        "type": "Point",
        "coordinates": [
          -122.424176,
          37.7681534
        ]
      },
      "id": "node/9684320117"
    },
    {
      "type": "Feature",
      "properties": {
        "@id": "node/9723884775",
        "addr:city": "San Francisco",
        "addr:housenumber": "7",
        "addr:postcode": "94158",
        "addr:state": "CA",
        "addr:street": "Warriors Way",
        "addr:unit": "206",
        "amenity": "pub",
        "craft": "brewery",
        "level": "2",
        "name": "Harmonic Brewing",
        "outdoor_seating": "yes",
        "phone": "+1 415-966-7128",
        "website": "http://harmonicbrewing.com/thrivecity"
      },
      "geometry": {
        "type": "Point",
        "coordinates": [
          -122.3868985,
          37.7687441
        ]
      },
      "id": "node/9723884775"
    },
    {
      "type": "Feature",
      "properties": {
        "@id": "node/9845699052",
        "addr:city": "San Francisco",
        "addr:housenumber": "1795",
        "addr:postcode": "94115",
        "addr:state": "CA",
        "addr:street": "Geary Boulevard",
        "amenity": "bar",
        "brewery": "yes",
        "check_date": "2023-09-08",
        "contact:instagram": "socialstudysf",
        "contact:yelp": "http://www.yelp.com/biz/the-social-study-san-francisco",
        "drink:beer": "yes",
        "drink:wine": "yes",
        "food": "yes",
        "internet_access": "wlan",
        "name": "The Social Study",
        "opening_hours": "Mo 17:30-22:00; Tu-Su 13:00-22:00",
        "opening_hours:url": "https://www.thesocialstudysf.com/",
        "payment:credit_cards": "yes",
        "phone": "+1 415 2927417",
        "website": "https://www.thesocialstudysf.com/",
        "wheelchair": "yes"
      },
      "geometry": {
        "type": "Point",
        "coordinates": [
          -122.4325036,
          37.7841757
        ]
      },
      "id": "node/9845699052"
    },
    {
      "type": "Feature",
      "properties": {
        "@id": "node/9861755702",
        "addr:city": "San Francisco",
        "addr:housenumber": "841",
        "addr:postcode": "94109",
        "addr:state": "CA",
        "addr:street": "Larkin Street",
        "amenity": "bar",
        "check_date": "2021-08-11",
        "indoor_seating": "yes",
        "name": "Young's Kung Fu Action Theatre & Laundry",
        "note": "The only visible sign is a drawing of kung-fu jumping kick",
        "opening_hours": "Th,Fr,Sa 19:00-26:00",
        "opening_hours:url": "http://www.kozykar.com/youngskungfuactiontheatreandlaundry.htm",
        "website": "http://youngskungfuactiontheatreandlaundry.com/"
      },
      "geometry": {
        "type": "Point",
        "coordinates": [
          -122.4181987,
          37.7858747
        ]
      },
      "id": "node/9861755702"
    },
    {
      "type": "Feature",
      "properties": {
        "@id": "node/9869203374",
        "addr:city": "San Francisco",
        "addr:housenumber": "301",
        "addr:postcode": "94111",
        "addr:state": "CA",
        "addr:street": "Sacramento Street",
        "amenity": "pub",
        "check_date": "2023-01-10",
        "name": "Royal Exchange",
        "opening_hours": "Mo-Fr 11:00-21:00",
        "phone": "+1 415-956-1710",
        "smoking": "no",
        "website": "https://www.royalexchange.com/",
        "wheelchair": "yes"
      },
      "geometry": {
        "type": "Point",
        "coordinates": [
          -122.3991541,
          37.7941594
        ]
      },
      "id": "node/9869203374"
    },
    {
      "type": "Feature",
      "properties": {
        "@id": "node/9877596391",
        "addr:city": "San Francisco",
        "addr:housenumber": "485",
        "addr:postcode": "94109",
        "addr:state": "CA",
        "addr:street": "Jefferson Street",
        "amenity": "bar",
        "contact:facebook": "WineryCollectiveSF",
        "contact:instagram": "winerycollective",
        "contact:twitter": "winerycollectiv",
        "contact:yelp": "https://www.yelp.com/biz/winery-collective-san-francisco",
        "drink:wine": "yes",
        "email": "info@winerycollective.com",
        "name": "Winery Collective",
        "opening_hours": "Sa 12:00-21:00; Su,Mo-Fr 13:00-20:00",
        "opening_hours:url": "https://www.winerycollective.com/",
        "phone": "+1 415 9299463",
        "website": "https://www.winerycollective.com/"
      },
      "geometry": {
        "type": "Point",
        "coordinates": [
          -122.4203304,
          37.8075245
        ]
      },
      "id": "node/9877596391"
    },
    {
      "type": "Feature",
      "properties": {
        "@id": "node/9943927508",
        "addr:city": "San Francisco",
        "addr:housenumber": "239",
        "addr:postcode": "94108",
        "addr:state": "CA",
        "addr:street": "Kearny Street",
        "amenity": "bar",
        "check_date": "2022-07-22",
        "cocktails": "yes",
        "contact:facebook": "nightingalebarsf",
        "contact:instagram": "nightingalebarsf",
        "contact:twitter": "nightingale_sf",
        "drink:beer": "yes",
        "drink:whisky": "yes",
        "drink:wine": "yes",
        "email": "info@nightingalebar.com",
        "food": "no",
        "indoor_seating": "yes",
        "name": "Nightingale",
        "note:opening_hours": "Website hours don't mention Tuesday",
        "opening_hours": "We-Th 16:30-23:30; Fr 16:30-26:00; Sa 18:00-26:00; Su,Mo off",
        "opening_hours:url": "https://www.nightingalebar.com/",
        "outdoor_seating": "no",
        "phone": "+1 415 6496952",
        "website": "https://www.nightingalebar.com/",
        "wheelchair": "limited",
        "wheelchair:description": "Mostly wheelchair accessible, except for an upstairs part with seemingly no elevator"
      },
      "geometry": {
        "type": "Point",
        "coordinates": [
          -122.4041287,
          37.7903654
        ]
      },
      "id": "node/9943927508"
    },
    {
      "type": "Feature",
      "properties": {
        "@id": "node/9948792868",
        "addr:housenumber": "3088",
        "addr:state": "CA",
        "addr:street": "24th Street",
        "amenity": "bar",
        "check_date": "2026-03-09",
        "level": "0",
        "name": "El Trebol #2",
        "was:amenity": "cafe",
        "was:cuisine": "coffee_shop",
        "was:name": "Haus Coffee",
        "wheelchair": "yes"
      },
      "geometry": {
        "type": "Point",
        "coordinates": [
          -122.4137221,
          37.7526405
        ]
      },
      "id": "node/9948792868"
    },
    {
      "type": "Feature",
      "properties": {
        "@id": "node/9958548306",
        "addr:housenumber": "691",
        "addr:street": "14th Street",
        "amenity": "bar",
        "check_date": "2023-02-04",
        "description": "Wine & Sake bottle shop & bar",
        "indoor_seating": "yes",
        "name": "Millay",
        "opening_hours": "Tu-Sa 16:00-22:00; Su 14:00-20:00",
        "outdoor_seating": "parklet"
      },
      "geometry": {
        "type": "Point",
        "coordinates": [
          -122.4282827,
          37.7676721
        ]
      },
      "id": "node/9958548306"
    },
    {
      "type": "Feature",
      "properties": {
        "@id": "node/10000755452",
        "amenity": "bar",
        "indoor_seating": "yes",
        "name": "ENO Wine Bar",
        "outdoor_seating": "no"
      },
      "geometry": {
        "type": "Point",
        "coordinates": [
          -122.4087576,
          37.7879166
        ]
      },
      "id": "node/10000755452"
    },
    {
      "type": "Feature",
      "properties": {
        "@id": "node/10012048156",
        "addr:housenumber": "708",
        "addr:street": "Polk Street",
        "amenity": "bar",
        "check_date": "2023-06-24",
        "food": "yes",
        "name": "Secret Bar & Lounge",
        "outdoor_seating": "no",
        "wheelchair": "yes"
      },
      "geometry": {
        "type": "Point",
        "coordinates": [
          -122.4191125,
          37.7833726
        ]
      },
      "id": "node/10012048156"
    },
    {
      "type": "Feature",
      "properties": {
        "@id": "node/10013767308",
        "amenity": "bar",
        "check_date": "2026-02-23",
        "name": "uccello Lounge",
        "opening_hours": "Mo-We,Su off",
        "wheelchair": "yes"
      },
      "geometry": {
        "type": "Point",
        "coordinates": [
          -122.4195624,
          37.7777196
        ]
      },
      "id": "node/10013767308"
    },
    {
      "type": "Feature",
      "properties": {
        "@id": "node/10043936904",
        "addr:city": "San Francisco",
        "addr:housenumber": "644",
        "addr:postcode": "94133",
        "addr:state": "CA",
        "addr:street": "Broadway",
        "amenity": "bar",
        "cocktails": "yes",
        "contact:instagram": "ColdDrinksBar",
        "drink:beer": "yes",
        "drink:whisky": "yes",
        "drink:wine": "yes",
        "food": "yes",
        "indoor_seating": "yes",
        "level": "2",
        "name": "Cold Drinks Bar",
        "note": "Part of China Live. Enter through staircase on the right with bats on the wall.",
        "opening_hours": "Su,Mo-We 18:00+; Th-Sa 17:30+",
        "opening_hours:url": "https://chinalivesf.com/best-bars-in-san-francisco/",
        "outdoor_seating": "no",
        "phone": "+1 415 7888188",
        "reservation": "yes",
        "website": "https://chinalivesf.com/best-bars-in-san-francisco/",
        "website:menu": "https://chinalivesf.com/best-bars-in-san-francisco/cold-drinks-bar-menu/"
      },
      "geometry": {
        "type": "Point",
        "coordinates": [
          -122.407759,
          37.7978985
        ]
      },
      "id": "node/10043936904"
    },
    {
      "type": "Feature",
      "properties": {
        "@id": "node/10095744878",
        "addr:housenumber": "28",
        "addr:street": "Waverly Place",
        "amenity": "bar",
        "cocktails": "yes",
        "description": "Cocktail bar on the second floor of Mister Jiu's",
        "drink:beer": "yes",
        "drink:wine": "yes",
        "fixme": "position_estimated",
        "food": "yes",
        "indoor_seating": "yes",
        "level": "2",
        "name": "Moongate Lounge",
        "opening_hours": "Tu-Sa 18:00-00:00",
        "outdoor_seating": "no",
        "reservation": "yes",
        "wheelchair:description": "Located on 2nd floor, taking stairs. Not sure if there's an elevator."
      },
      "geometry": {
        "type": "Point",
        "coordinates": [
          -122.4065757,
          37.7936719
        ]
      },
      "id": "node/10095744878"
    },
    {
      "type": "Feature",
      "properties": {
        "@id": "node/10128454136",
        "addr:housenumber": "1519",
        "addr:street": "Polk Street",
        "amenity": "bar",
        "check_date": "2023-01-13",
        "drink:wine": "yes",
        "fixme": "Posted social is @orawinebarsf",
        "name": "Ora Wine Bar"
      },
      "geometry": {
        "type": "Point",
        "coordinates": [
          -122.4209223,
          37.7909836
        ]
      },
      "id": "node/10128454136"
    },
    {
      "type": "Feature",
      "properties": {
        "@id": "node/10158817989",
        "addr:city": "San Francisco",
        "addr:housenumber": "1354",
        "addr:postcode": "94103",
        "addr:state": "CA",
        "addr:street": "Harrison Street",
        "amenity": "bar",
        "check_date": "2024-01-27",
        "contact:facebook": "lonestarsf",
        "contact:instagram": "lonestarsf",
        "contact:twitter": "lonestarsf",
        "email": "lonestarsaloonsf@gmail.com",
        "name": "Lone Star Saloon",
        "opening_hours": "Mo-Sa 16:00-26:00; Su 14:00-26:00",
        "opening_hours:url": "https://www.lonestarsf.com/",
        "phone": "+1 415 863 9999",
        "website": "https://www.lonestarsf.com/",
        "website:calendar": "https://www.lonestarsf.com/#events-section"
      },
      "geometry": {
        "type": "Point",
        "coordinates": [
          -122.4108479,
          37.7721566
        ]
      },
      "id": "node/10158817989"
    },
    {
      "type": "Feature",
      "properties": {
        "@id": "node/10158842727",
        "addr:city": "San Francisco",
        "addr:housenumber": "701",
        "addr:state": "CA",
        "addr:street": "3rd Street",
        "amenity": "bar",
        "cocktails": "yes",
        "contact:facebook": "kaiyosf",
        "contact:instagram": "kaiyosf",
        "cuisine": "peruvian",
        "email": "info@kaiyosf.com",
        "level": "12",
        "name": "Kaiyō Rooftop",
        "opening_hours": "Mo off; Tu-Th 16:00-24:00; Fr,Sa 16:00-25:00; Su 14:00-21:00",
        "opening_hours:url": "https://kaiyosf.com/kaiyorooftop",
        "outdoor_seating": "yes",
        "phone": "+1 415 525 4804",
        "reservation": "recommended",
        "website": "https://kaiyosf.com/kaiyorooftop",
        "website:menu": "https://kaiyosf.com/rooftop-menu"
      },
      "geometry": {
        "type": "Point",
        "coordinates": [
          -122.3923716,
          37.7787752
        ]
      },
      "id": "node/10158842727"
    },
    {
      "type": "Feature",
      "properties": {
        "@id": "node/10245940482",
        "addr:housenumber": "500",
        "addr:postcode": "94107",
        "addr:street": "4th Street",
        "amenity": "pub",
        "indoor_seating": "yes",
        "name": "Hotel Utah Saloon",
        "opening_hours": "Mo-Su 11:30-24:00",
        "outdoor_seating": "no",
        "phone": "+1 415 546 6300",
        "website": "https://hotelutah.com/"
      },
      "geometry": {
        "type": "Point",
        "coordinates": [
          -122.3981059,
          37.7793831
        ]
      },
      "id": "node/10245940482"
    },
    {
      "type": "Feature",
      "properties": {
        "@id": "node/10303811690",
        "amenity": "bar",
        "check_date": "2023-01-03",
        "name": "The Horseshoe"
      },
      "geometry": {
        "type": "Point",
        "coordinates": [
          -122.4369311,
          37.8008439
        ]
      },
      "id": "node/10303811690"
    },
    {
      "type": "Feature",
      "properties": {
        "@id": "node/10309959742",
        "amenity": "bar",
        "check_date": "2026-07-07",
        "check_date:opening_hours": "2026-07-07",
        "name": "B-Side",
        "opening_hours": "We 11:30-14:00, Th,Fr 11:30-14:00, Th,Fr 17:30-20:30, Sa,Su 11:00-14:30, Sa 17:30-20:30, Su 17:00-20:00; Mo-Tu off",
        "website": "http://www.b-sidesf.com"
      },
      "geometry": {
        "type": "Point",
        "coordinates": [
          -122.4216327,
          37.7762192
        ]
      },
      "id": "node/10309959742"
    },
    {
      "type": "Feature",
      "properties": {
        "@id": "node/10312292563",
        "amenity": "bar",
        "check_date": "2023-01-06",
        "name": "Nari"
      },
      "geometry": {
        "type": "Point",
        "coordinates": [
          -122.4286408,
          37.7855979
        ]
      },
      "id": "node/10312292563"
    },
    {
      "type": "Feature",
      "properties": {
        "@id": "node/10538343244",
        "addr:housenumber": "682",
        "addr:street": "Commercial Street",
        "addr:unit": "4",
        "amenity": "bar",
        "check_date": "2023-03-23",
        "name": "EZ5 Cocktails"
      },
      "geometry": {
        "type": "Point",
        "coordinates": [
          -122.404378,
          37.794122
        ]
      },
      "id": "node/10538343244"
    },
    {
      "type": "Feature",
      "properties": {
        "@id": "node/10538343245",
        "addr:housenumber": "718",
        "addr:street": "California Street",
        "amenity": "bar",
        "check_date": "2023-01-10",
        "contact:instagram": "https://www.instagram.com/blindpig.speakeasylounge",
        "fixme": "confirm operation",
        "name": "Blind Pig",
        "opening_hours": "Mo-Tu,Su off; We-Th 16:30-22:30; Fr-Sa 16:30-24:30",
        "website": "http://www.blindpigsf.com"
      },
      "geometry": {
        "type": "Point",
        "coordinates": [
          -122.4062138,
          37.7925492
        ]
      },
      "id": "node/10538343245"
    },
    {
      "type": "Feature",
      "properties": {
        "@id": "node/10555829843",
        "addr:city": "San Francisco",
        "addr:housenumber": "3079",
        "addr:postcode": "94103",
        "addr:state": "CA",
        "addr:street": "16th Street",
        "amenity": "bar",
        "check_date": "2024-09-07",
        "email": "info@mothersf.com",
        "lgbtq": "primary",
        "lgbtq:women": "primary",
        "name": "Mother",
        "opening_hours": "Mo-We 16:00-24:00; Th-Fr 16:00-02:00; Sa 14:00-02:00; Su 14:00-24:00; PH closed",
        "website": "https://www.mothersf.com/"
      },
      "geometry": {
        "type": "Point",
        "coordinates": [
          -122.4213338,
          37.7648164
        ]
      },
      "id": "node/10555829843"
    },
    {
      "type": "Feature",
      "properties": {
        "@id": "node/10555829846",
        "addr:housenumber": "3089",
        "addr:street": "16th Street",
        "amenity": "bar",
        "check_date": "2023-01-14",
        "name": "Skylark"
      },
      "geometry": {
        "type": "Point",
        "coordinates": [
          -122.4215576,
          37.7648183
        ]
      },
      "id": "node/10555829846"
    },
    {
      "type": "Feature",
      "properties": {
        "@id": "node/10558070235",
        "addr:city": "San Francisco",
        "addr:housenumber": "3115",
        "addr:postcode": "94110",
        "addr:state": "CA",
        "addr:street": "22nd Street",
        "amenity": "bar",
        "name": "Buddy",
        "website": "https://www.buddythebar.com"
      },
      "geometry": {
        "type": "Point",
        "coordinates": [
          -122.4171081,
          37.7554502
        ]
      },
      "id": "node/10558070235"
    },
    {
      "type": "Feature",
      "properties": {
        "@id": "node/10558492785",
        "addr:city": "San Francisco",
        "addr:housenumber": "628",
        "addr:postcode": "94107",
        "addr:state": "CA",
        "addr:street": "20th Street",
        "amenity": "bar",
        "name": "Third Rail",
        "opening_hours": "Tu-Th 16:00-23:00; Fr-Sa 14:00-01:00; Su 16:00-22:00",
        "outdoor_seating": "yes",
        "website": "https://www.thirdrailbarsf.com/"
      },
      "geometry": {
        "type": "Point",
        "coordinates": [
          -122.388354,
          37.7606299
        ]
      },
      "id": "node/10558492785"
    },
    {
      "type": "Feature",
      "properties": {
        "@id": "node/10575981868",
        "amenity": "bar",
        "check_date": "2023-01-22",
        "name": "Club Kristi"
      },
      "geometry": {
        "type": "Point",
        "coordinates": [
          -122.4175548,
          37.7853308
        ]
      },
      "id": "node/10575981868"
    },
    {
      "type": "Feature",
      "properties": {
        "@id": "node/10600380560",
        "addr:housenumber": "2481",
        "addr:street": "Mission Street",
        "amenity": "bar",
        "check_date": "2023-02-01",
        "name": "Bar TZA"
      },
      "geometry": {
        "type": "Point",
        "coordinates": [
          -122.4187743,
          37.7574019
        ]
      },
      "id": "node/10600380560"
    },
    {
      "type": "Feature",
      "properties": {
        "@id": "node/10609477671",
        "addr:housenumber": "3368;3370",
        "addr:street": "19th Street",
        "amenity": "bar",
        "brewery": "no",
        "check_date": "2023-02-05",
        "description": "Wine beer and vermouth cocktails as well as snacks.",
        "email": "info@royalcuckoomarket.com",
        "name": "Royal Cuckoo Market",
        "opening_hours": "Mo-We 14:00-22:00; Th-Sa 11:00-23:00; Su off",
        "outdoor_seating": "yes",
        "payment:mastercard": "yes",
        "payment:visa": "yes",
        "phone": "+1 415-550-6903",
        "website": "http://www.royalcuckoomarket.com/",
        "wheelchair": "limited"
      },
      "geometry": {
        "type": "Point",
        "coordinates": [
          -122.4186233,
          37.7603692
        ]
      },
      "id": "node/10609477671"
    },
    {
      "type": "Feature",
      "properties": {
        "@id": "node/10635333073",
        "addr:housenumber": "753",
        "addr:street": "Alabama Street",
        "amenity": "bar",
        "check_date": "2023-02-09",
        "name": "True Laurel",
        "payment:mastercard": "yes",
        "payment:visa": "yes",
        "website": "https://truelaurelsf.com",
        "wheelchair": "yes"
      },
      "geometry": {
        "type": "Point",
        "coordinates": [
          -122.4114886,
          37.7594967
        ]
      },
      "id": "node/10635333073"
    },
    {
      "type": "Feature",
      "properties": {
        "@id": "node/10635345334",
        "addr:housenumber": "2700",
        "addr:street": "16th Street",
        "amenity": "bar",
        "check_date": "2025-05-29",
        "description": "QUEER DESTINATION KITCHEN OPEN LATE + LIVE MUSIC",
        "name": "Jolenes Bar",
        "payment:mastercard": "yes",
        "payment:visa": "yes",
        "website": "https://www.jolenessf.com/",
        "wheelchair": "yes"
      },
      "geometry": {
        "type": "Point",
        "coordinates": [
          -122.4133319,
          37.765597
        ]
      },
      "id": "node/10635345334"
    },
    {
      "type": "Feature",
      "properties": {
        "@id": "node/10635824452",
        "addr:housenumber": "2301",
        "addr:street": "Bryant Street",
        "amenity": "bar",
        "check_date": "2023-02-09",
        "description": "Spanish-style taberna featuring authentic pintxos and tapas and a highly-curated beverage program.",
        "email": "info@elchatosf.com",
        "name": "El Chato",
        "opening_hours": "Mo-Sa 16:00-22:00; Su 14:00-20:00",
        "payment:mastercard": "yes",
        "payment:visa": "yes",
        "website": "https://elchatosf.com",
        "wheelchair": "yes"
      },
      "geometry": {
        "type": "Point",
        "coordinates": [
          -122.4094386,
          37.7575118
        ]
      },
      "id": "node/10635824452"
    },
    {
      "type": "Feature",
      "properties": {
        "@id": "node/10780794722",
        "addr:city": "San Francisco",
        "addr:housenumber": "679",
        "addr:postcode": "94107",
        "addr:state": "CA",
        "addr:street": "3rd Street",
        "amenity": "bar",
        "name": "Alchemist",
        "opening_hours": "Mo-Fr 17:00-01:30; Sa 19:00-01:30",
        "wheelchair": "yes"
      },
      "geometry": {
        "type": "Point",
        "coordinates": [
          -122.3931598,
          37.779374
        ]
      },
      "id": "node/10780794722"
    },
    {
      "type": "Feature",
      "properties": {
        "@id": "node/10780794754",
        "addr:city": "San Francisco",
        "addr:housenumber": "685",
        "addr:postcode": "94107",
        "addr:state": "CA",
        "addr:street": "3rd Street",
        "amenity": "bar",
        "level": "0",
        "name": "Woodbury",
        "opening_hours": "Mo-Fr 16:30-02:00; Sa 18:30-02:00",
        "outdoor_seating": "yes",
        "wheelchair": "yes"
      },
      "geometry": {
        "type": "Point",
        "coordinates": [
          -122.3930975,
          37.7793221
        ]
      },
      "id": "node/10780794754"
    },
    {
      "type": "Feature",
      "properties": {
        "@id": "node/10859142472",
        "addr:housenumber": "685",
        "addr:street": "Folsom Street",
        "amenity": "bar",
        "check_date": "2023-04-30",
        "level": "0",
        "min_age": "21",
        "name": "Wine Down"
      },
      "geometry": {
        "type": "Point",
        "coordinates": [
          -122.3983137,
          37.7840748
        ]
      },
      "id": "node/10859142472"
    },
    {
      "type": "Feature",
      "properties": {
        "@id": "node/10977609709",
        "addr:housenumber": "1168",
        "addr:street": "Folsom Street",
        "amenity": "bar",
        "check_date": "2024-03-31",
        "name": "Decant SF",
        "opening_hours": "Tu 12:30-20:00; We-Sa 12:30-21:30; Su 12:30-18:30",
        "shop": "wine;deli",
        "website": "https://decantsf.com/"
      },
      "geometry": {
        "type": "Point",
        "coordinates": [
          -122.409533,
          37.7756341
        ]
      },
      "id": "node/10977609709"
    },
    {
      "type": "Feature",
      "properties": {
        "@id": "node/11032970208",
        "addr:city": "San Francisco",
        "addr:housenumber": "374",
        "addr:postcode": "94104",
        "addr:state": "CA",
        "addr:street": "Bush Street",
        "amenity": "pub",
        "check_date": "2025-04-03",
        "name": "Sam's Tavern",
        "opening_hours": "Mo 11:00-21:00; Tu-Fr 10:00-21:00; Sa-Su 10:00-18:00",
        "phone": "+1 415-796-2052",
        "website": "https://samsgrill-sf.com/"
      },
      "geometry": {
        "type": "Point",
        "coordinates": [
          -122.4035751,
          37.7909636
        ]
      },
      "id": "node/11032970208"
    },
    {
      "type": "Feature",
      "properties": {
        "@id": "node/11041008192",
        "addr:housenumber": "136",
        "addr:street": "King Street",
        "amenity": "bar",
        "check_date": "2023-07-11",
        "name": "Bar VIA"
      },
      "geometry": {
        "type": "Point",
        "coordinates": [
          -122.3908206,
          37.7792467
        ]
      },
      "id": "node/11041008192"
    },
    {
      "type": "Feature",
      "properties": {
        "@id": "node/11043132735",
        "addr:housenumber": "531A",
        "addr:street": "Commercial Street",
        "amenity": "pub",
        "check_date": "2023-07-12",
        "email": "events@heartwoodsf.com",
        "fixme": "opening hours mon-sat",
        "name": "Heartwood"
      },
      "geometry": {
        "type": "Point",
        "coordinates": [
          -122.4020082,
          37.7942741
        ]
      },
      "id": "node/11043132735"
    },
    {
      "type": "Feature",
      "properties": {
        "@id": "node/11043335423",
        "addr:city": "San Francisco",
        "addr:housenumber": "555",
        "addr:postcode": "94104",
        "addr:state": "CA",
        "addr:street": "California Street",
        "amenity": "bar",
        "fixme": "position_estimated, level_estimated",
        "level": "2",
        "name": "The Vault Garden",
        "opening_hours": "Tu-Sa 11:30-21:00",
        "phone": "+1 415- 508-4675",
        "website": "https://www.vaultgarden.com/"
      },
      "geometry": {
        "type": "Point",
        "coordinates": [
          -122.403564,
          37.7922622
        ]
      },
      "id": "node/11043335423"
    },
    {
      "type": "Feature",
      "properties": {
        "@id": "node/11050075244",
        "amenity": "pub",
        "check_date": "2023-07-16",
        "name": "Fizzees"
      },
      "geometry": {
        "type": "Point",
        "coordinates": [
          -122.4620298,
          37.7813147
        ]
      },
      "id": "node/11050075244"
    },
    {
      "type": "Feature",
      "properties": {
        "@id": "node/11149187371",
        "addr:housenumber": "640",
        "addr:street": "Terry A. Francois Boulevard",
        "amenity": "bar",
        "check_date": "2023-08-27",
        "level": "0",
        "name": "Mission Bay Wine Bar at Thrive City",
        "outdoor_seating": "yes",
        "website": "https://www.missionbaywine.com/mission-bay-wine-bar-thrive-city"
      },
      "geometry": {
        "type": "Point",
        "coordinates": [
          -122.3864865,
          37.7684244
        ]
      },
      "id": "node/11149187371"
    },
    {
      "type": "Feature",
      "properties": {
        "@id": "node/11162058141",
        "amenity": "pub",
        "name": "Harrington's Bar & Grill",
        "note": "reopened after closure in 2024",
        "theme": "irish",
        "wheelchair": "yes"
      },
      "geometry": {
        "type": "Point",
        "coordinates": [
          -122.3990871,
          37.7940242
        ]
      },
      "id": "node/11162058141"
    },
    {
      "type": "Feature",
      "properties": {
        "@id": "node/11166132562",
        "addr:housenumber": "312",
        "addr:street": "Harriet Street",
        "amenity": "bar",
        "check_date": "2024-06-25",
        "name": "?",
        "note": "The name is actually \"?\" (or \"Question Mark\" on some signs)",
        "opening_hours": "Mo-Su 11:30-14:30, 17:00-22:00"
      },
      "geometry": {
        "type": "Point",
        "coordinates": [
          -122.40285,
          37.775343
        ]
      },
      "id": "node/11166132562"
    },
    {
      "type": "Feature",
      "properties": {
        "@id": "node/11232217086",
        "addr:city": "San Francisco",
        "addr:housenumber": "510",
        "addr:postcode": "94102",
        "addr:state": "CA",
        "addr:street": "Larkin Street",
        "amenity": "bar",
        "name": "Emperor Norton's Boozeland"
      },
      "geometry": {
        "type": "Point",
        "coordinates": [
          -122.4172601,
          37.7826643
        ]
      },
      "id": "node/11232217086"
    },
    {
      "type": "Feature",
      "properties": {
        "@id": "node/11263551593",
        "amenity": "bar",
        "check_date": "2023-10-14",
        "level": "0",
        "name": "Fort Point Beer Co."
      },
      "geometry": {
        "type": "Point",
        "coordinates": [
          -122.3939649,
          37.7957855
        ]
      },
      "id": "node/11263551593"
    },
    {
      "type": "Feature",
      "properties": {
        "@id": "node/11342634169",
        "addr:city": "San Francisco",
        "addr:housenumber": "823",
        "addr:postcode": "94118",
        "addr:state": "CA",
        "addr:street": "Clement Street",
        "amenity": "bar",
        "check_date": "2025-11-09",
        "email": "lostmarblesbrewpub@gmail.com",
        "level": "0",
        "name": "Lost Marbles",
        "outdoor_seating": "no",
        "phone": "+1 415-592-8169",
        "website": "https://www.lostmarblesbrewpub.com/menu",
        "wheelchair": "yes"
      },
      "geometry": {
        "type": "Point",
        "coordinates": [
          -122.4680842,
          37.7826521
        ]
      },
      "id": "node/11342634169"
    },
    {
      "type": "Feature",
      "properties": {
        "@id": "node/11345377375",
        "amenity": "pub",
        "check_date": "2024-02-05",
        "drink:beer": "yes",
        "name": "Ballast Point Tasting Room & Kitchen"
      },
      "geometry": {
        "type": "Point",
        "coordinates": [
          -122.3934451,
          37.7664408
        ]
      },
      "id": "node/11345377375"
    },
    {
      "type": "Feature",
      "properties": {
        "@id": "node/11362887388",
        "addr:city": "San Francisco",
        "addr:housenumber": "1150",
        "addr:postcode": "94103",
        "addr:state": "CA",
        "addr:street": "Howard Street",
        "amenity": "pub",
        "microbrewery": "yes",
        "min_age": "21",
        "name": "Enterprise Brewing Company",
        "website": "https://www.enterprisebeer.com/"
      },
      "geometry": {
        "type": "Point",
        "coordinates": [
          -122.410704,
          37.7771618
        ]
      },
      "id": "node/11362887388"
    },
    {
      "type": "Feature",
      "properties": {
        "@id": "node/11423890573",
        "amenity": "bar",
        "check_date": "2023-12-16",
        "name": "The Socialite"
      },
      "geometry": {
        "type": "Point",
        "coordinates": [
          -122.4135411,
          37.8083677
        ]
      },
      "id": "node/11423890573"
    },
    {
      "type": "Feature",
      "properties": {
        "@id": "node/11436034122",
        "addr:city": "San Francisco",
        "addr:floor": "2",
        "addr:housenumber": "1905",
        "addr:postcode": "94123",
        "addr:state": "CA",
        "addr:street": "Union Street",
        "amenity": "bar",
        "check_date": "2023-12-20",
        "email": "hello@leftdoorsf.com",
        "level": "1",
        "min_age": "21",
        "name": "Left Door",
        "opening_hours": "Mo,Su off; Tu-We 17:00-24:00; Th-Sa 17:00-02:00",
        "payment:cash": "yes",
        "payment:credit_cards": "yes",
        "payment:debit_cards": "yes",
        "phone": "+1 415-295-2042",
        "website": "https://www.leftdoorsf.com"
      },
      "geometry": {
        "type": "Point",
        "coordinates": [
          -122.4307445,
          37.7975942
        ]
      },
      "id": "node/11436034122"
    },
    {
      "type": "Feature",
      "properties": {
        "@id": "node/11612234508",
        "amenity": "bar",
        "check_date": "2024-02-11",
        "level": "0",
        "name": "Seven Square Taproom",
        "wheelchair": "yes"
      },
      "geometry": {
        "type": "Point",
        "coordinates": [
          -122.3965903,
          37.7859023
        ]
      },
      "id": "node/11612234508"
    },
    {
      "type": "Feature",
      "properties": {
        "@id": "node/11699777854",
        "addr:city": "San Francisco",
        "addr:housenumber": "133",
        "addr:postcode": "94102",
        "addr:state": "CA",
        "addr:street": "Turk Street",
        "amenity": "bar",
        "min_age": "21",
        "name": "Aunt Charlies Lounge",
        "opening_hours": "Mo-Th 12:00-22:30; Fr-Sa 12:00-23:45; Su 12:00-23:30",
        "phone": "+1-415-441-2922",
        "website": "https://www.auntcharlieslounge.com/"
      },
      "geometry": {
        "type": "Point",
        "coordinates": [
          -122.4113803,
          37.7830303
        ]
      },
      "id": "node/11699777854"
    },
    {
      "type": "Feature",
      "properties": {
        "@id": "node/11777326258",
        "addr:housenumber": "860",
        "addr:street": "Folsom Street",
        "amenity": "bar",
        "check_date": "2026-06-09",
        "name": "Buena Vida Cantina"
      },
      "geometry": {
        "type": "Point",
        "coordinates": [
          -122.4026799,
          37.7810493
        ]
      },
      "id": "node/11777326258"
    },
    {
      "type": "Feature",
      "properties": {
        "@id": "node/11777394327",
        "addr:housenumber": "1369",
        "addr:street": "Folsom Street",
        "amenity": "bar",
        "check_date": "2024-03-31",
        "name": "Hole In The Wall"
      },
      "geometry": {
        "type": "Point",
        "coordinates": [
          -122.4124752,
          37.7729234
        ]
      },
      "id": "node/11777394327"
    },
    {
      "type": "Feature",
      "properties": {
        "@id": "node/11777394339",
        "addr:housenumber": "1225",
        "addr:street": "Folsom Street",
        "amenity": "bar",
        "check_date": "2024-03-31",
        "name": "Driftwood"
      },
      "geometry": {
        "type": "Point",
        "coordinates": [
          -122.4104282,
          37.7745531
        ]
      },
      "id": "node/11777394339"
    },
    {
      "type": "Feature",
      "properties": {
        "@id": "node/11806415039",
        "addr:housenumber": "2351",
        "addr:street": "Mission Street",
        "amenity": "bar",
        "check_date": "2025-05-25",
        "level": "0",
        "name": "Casements",
        "wheelchair": "yes"
      },
      "geometry": {
        "type": "Point",
        "coordinates": [
          -122.4189869,
          37.7594304
        ]
      },
      "id": "node/11806415039"
    },
    {
      "type": "Feature",
      "properties": {
        "@id": "node/11806415064",
        "addr:housenumber": "2887",
        "addr:street": "Bryant Street",
        "amenity": "bar",
        "check_date": "2026-05-17",
        "name": "Hop Oast",
        "opening_hours": "Tu-Fr 16:00-21:00; Sa-Su 15:00-21:00",
        "website": "https://hopoast.com/"
      },
      "geometry": {
        "type": "Point",
        "coordinates": [
          -122.4085736,
          37.748524
        ]
      },
      "id": "node/11806415064"
    },
    {
      "type": "Feature",
      "properties": {
        "@id": "node/12069089539",
        "addr:city": "San Francisco",
        "addr:housenumber": "234",
        "addr:postcode": "94107",
        "addr:state": "CA",
        "addr:street": "Townsend Street",
        "amenity": "bar",
        "name": "Saison Cellar & Wine Bar",
        "opening_hours": "Tu-Sa; 14:00-22:00"
      },
      "geometry": {
        "type": "Point",
        "coordinates": [
          -122.393788,
          37.7782501
        ]
      },
      "id": "node/12069089539"
    },
    {
      "type": "Feature",
      "properties": {
        "@id": "node/12070629878",
        "addr:city": "San Francisco",
        "addr:housenumber": "228",
        "addr:postcode": "94107",
        "addr:state": "CA",
        "addr:street": "Townsend Street",
        "amenity": "bar",
        "description": "Member's only cellar.",
        "name": "Saison Cellar & Wine Bar: Member's Cellar"
      },
      "geometry": {
        "type": "Point",
        "coordinates": [
          -122.3936992,
          37.7783062
        ]
      },
      "id": "node/12070629878"
    },
    {
      "type": "Feature",
      "properties": {
        "@id": "node/12115120001",
        "addr:housenumber": "55",
        "addr:postcode": "94105",
        "addr:street": "Stevenson Street",
        "amenity": "bar",
        "cuisine": "burger",
        "internet_access": "wlan",
        "name": "Louie's Bar",
        "opening_hours": "Mo-Fr 11:00-02:00; Sa 17:00-03:00",
        "phone": "+1 415-286-9577",
        "website": "https://pourguys.com/"
      },
      "geometry": {
        "type": "Point",
        "coordinates": [
          -122.3996758,
          37.7895975
        ]
      },
      "id": "node/12115120001"
    },
    {
      "type": "Feature",
      "properties": {
        "@id": "node/12133091149",
        "addr:floor": "2",
        "amenity": "bar",
        "check_date": "2024-08-23",
        "level": "1",
        "name": "Punsch Bar"
      },
      "geometry": {
        "type": "Point",
        "coordinates": [
          -122.4092532,
          37.7827313
        ]
      },
      "id": "node/12133091149"
    },
    {
      "type": "Feature",
      "properties": {
        "@id": "node/12247275391",
        "amenity": "bar",
        "check_date": "2024-10-12",
        "name": "The Comet Club"
      },
      "geometry": {
        "type": "Point",
        "coordinates": [
          -122.4358728,
          37.7982107
        ]
      },
      "id": "node/12247275391"
    },
    {
      "type": "Feature",
      "properties": {
        "@id": "node/12288987452",
        "addr:housenumber": "2289",
        "addr:street": "3rd Street",
        "amenity": "bar",
        "brewery": "various",
        "check_date": "2024-10-25",
        "internet_access": "no",
        "min_age": "21",
        "name": "The Sea Star",
        "payment:cash": "yes",
        "payment:credit_cards": "yes",
        "payment:debit_cards": "yes",
        "website": "https://theseastarsf.com",
        "wheelchair": "limited"
      },
      "geometry": {
        "type": "Point",
        "coordinates": [
          -122.3884137,
          37.7607437
        ]
      },
      "id": "node/12288987452"
    },
    {
      "type": "Feature",
      "properties": {
        "@id": "node/12408404346",
        "addr:city": "San Francisco",
        "addr:housenumber": "330",
        "addr:postcode": "94102",
        "addr:state": "CA",
        "addr:street": "Gough Street",
        "amenity": "bar",
        "name": "Linden Room",
        "opening_hours": "Tu-Th 17:00-00:00; Fr-Sa 17:00-01:00",
        "website": "https://www.nightbirdrestaurant.com/linden-room/"
      },
      "geometry": {
        "type": "Point",
        "coordinates": [
          -122.4227507,
          37.776529
        ]
      },
      "id": "node/12408404346"
    },
    {
      "type": "Feature",
      "properties": {
        "@id": "node/12550746944",
        "amenity": "bar"
      },
      "geometry": {
        "type": "Point",
        "coordinates": [
          -122.4139934,
          37.8083416
        ]
      },
      "id": "node/12550746944"
    },
    {
      "type": "Feature",
      "properties": {
        "@id": "node/12583335241",
        "addr:housenumber": "1109",
        "addr:street": "Valencia Street",
        "amenity": "bar",
        "check_date": "2025-02-11",
        "name": "Radio Habana",
        "wheelchair": "no"
      },
      "geometry": {
        "type": "Point",
        "coordinates": [
          -122.4207974,
          37.7551095
        ]
      },
      "id": "node/12583335241"
    },
    {
      "type": "Feature",
      "properties": {
        "@id": "node/12676663498",
        "amenity": "pub",
        "name": "Woods Outbound"
      },
      "geometry": {
        "type": "Point",
        "coordinates": [
          -122.5055953,
          37.7603112
        ]
      },
      "id": "node/12676663498"
    },
    {
      "type": "Feature",
      "properties": {
        "@id": "node/12887035377",
        "amenity": "bar",
        "name": "Paris 75"
      },
      "geometry": {
        "type": "Point",
        "coordinates": [
          -122.4058578,
          37.7978376
        ]
      },
      "id": "node/12887035377"
    },
    {
      "type": "Feature",
      "properties": {
        "@id": "node/12887090805",
        "amenity": "bar",
        "name": "Bamboo Hut",
        "theme": "tiki"
      },
      "geometry": {
        "type": "Point",
        "coordinates": [
          -122.405093,
          37.7979485
        ]
      },
      "id": "node/12887090805"
    },
    {
      "type": "Feature",
      "properties": {
        "@id": "node/12900325202",
        "addr:city": "San Francisco",
        "addr:housenumber": "2223",
        "addr:postcode": "94114",
        "addr:state": "CA",
        "addr:street": "Market Street",
        "amenity": "bar",
        "bar:type": "womens_sports_bar",
        "name": "Rikki's",
        "opening_hours": "Tu-Th 15:30-22:00; Fr-Sa 11:30-24:00; Su 11:30-22:00",
        "start_date": "2025-06-11",
        "website": "https://www.rikkisbarsf.com/"
      },
      "geometry": {
        "type": "Point",
        "coordinates": [
          -122.431471,
          37.7652703
        ]
      },
      "id": "node/12900325202"
    },
    {
      "type": "Feature",
      "properties": {
        "@id": "node/12951004302",
        "addr:housenumber": "537",
        "addr:street": "Stevenson Street",
        "amenity": "bar",
        "name": "Indie Darling",
        "website": "https://www.indiedarlingsf.com/"
      },
      "geometry": {
        "type": "Point",
        "coordinates": [
          -122.4105181,
          37.780965
        ]
      },
      "id": "node/12951004302"
    },
    {
      "type": "Feature",
      "properties": {
        "@id": "node/13019496826",
        "amenity": "bar",
        "check_date": "2026-01-13",
        "level": "0",
        "name": "The Red Tail",
        "opening_hours": "Mo-Th 16:00-23:00; Fr 16:00-24:00; Sa-Su 15:00-24:00",
        "wheelchair": "yes"
      },
      "geometry": {
        "type": "Point",
        "coordinates": [
          -122.4638179,
          37.7640194
        ]
      },
      "id": "node/13019496826"
    },
    {
      "type": "Feature",
      "properties": {
        "@id": "node/13027417998",
        "amenity": "bar",
        "check_date": "2025-07-26",
        "level": "0",
        "name": "Lagom Bar"
      },
      "geometry": {
        "type": "Point",
        "coordinates": [
          -122.4090446,
          37.782573
        ]
      },
      "id": "node/13027417998"
    },
    {
      "type": "Feature",
      "properties": {
        "@id": "node/13030734579",
        "addr:city": "San Francisco",
        "addr:housenumber": "527",
        "addr:postcode": "94110",
        "addr:state": "CA",
        "addr:street": "Valencia Street",
        "amenity": "bar",
        "check_date": "2026-05-10",
        "level": "0",
        "min_age": "21",
        "name": "Casanova Lounge",
        "opening_hours": "Mo-Su 17:00-02:00",
        "wheelchair": "yes"
      },
      "geometry": {
        "type": "Point",
        "coordinates": [
          -122.4216786,
          37.7643859
        ]
      },
      "id": "node/13030734579"
    },
    {
      "type": "Feature",
      "properties": {
        "@id": "node/13057323401",
        "addr:housenumber": "1123",
        "addr:postcode": "94103",
        "addr:street": "Folsom Street",
        "amenity": "bar",
        "contact:facebook": "THESTUDBAR",
        "contact:instagram": "studsf",
        "email": "info@studsf.com",
        "lgbtq": "primary",
        "name": "The Stud",
        "opening_hours": "Su, Tu-Th 17:00-00:00; Fr-Sa 17:00-02:00",
        "website": "https://www.studsf.com"
      },
      "geometry": {
        "type": "Point",
        "coordinates": [
          -122.4083643,
          37.7761653
        ]
      },
      "id": "node/13057323401"
    },
    {
      "type": "Feature",
      "properties": {
        "@id": "node/13093722241",
        "amenity": "bar",
        "check_date": "2025-08-23"
      },
      "geometry": {
        "type": "Point",
        "coordinates": [
          -122.4103873,
          37.7605716
        ]
      },
      "id": "node/13093722241"
    },
    {
      "type": "Feature",
      "properties": {
        "@id": "node/13103796137",
        "addr:city": "San Francisco",
        "addr:housenumber": "3336",
        "addr:postcode": "94110",
        "addr:state": "CA",
        "addr:street": "24th Street",
        "amenity": "bar",
        "name": "Las Margaritas",
        "opening_hours": "Tu-Su 12:00-00:00"
      },
      "geometry": {
        "type": "Point",
        "coordinates": [
          -122.4192534,
          37.752297
        ]
      },
      "id": "node/13103796137"
    },
    {
      "type": "Feature",
      "properties": {
        "@id": "node/13168483731",
        "addr:city": "San Francisco",
        "addr:floor": "2",
        "addr:housenumber": "345",
        "addr:postcode": "94108",
        "addr:state": "CA",
        "addr:street": "Stockton Street",
        "amenity": "bar",
        "name": "OneUP Lounge",
        "note": "located inside of Grand Hyatt San Francisco"
      },
      "geometry": {
        "type": "Point",
        "coordinates": [
          -122.4072866,
          37.7892704
        ]
      },
      "id": "node/13168483731"
    },
    {
      "type": "Feature",
      "properties": {
        "@id": "node/13176381001",
        "addr:housenumber": "2526",
        "addr:street": "Mission Street",
        "amenity": "bar",
        "name": "Laszlo"
      },
      "geometry": {
        "type": "Point",
        "coordinates": [
          -122.4190265,
          37.7564579
        ]
      },
      "id": "node/13176381001"
    },
    {
      "type": "Feature",
      "properties": {
        "@id": "node/13241913569",
        "access": "private",
        "amenity": "bar",
        "name": "Sky Bar",
        "note": "building tenants access only"
      },
      "geometry": {
        "type": "Point",
        "coordinates": [
          -122.4025399,
          37.7951943
        ]
      },
      "id": "node/13241913569"
    },
    {
      "type": "Feature",
      "properties": {
        "@id": "node/13257040801",
        "addr:housenumber": "1",
        "addr:street": "Avenue of the Palms",
        "amenity": "bar",
        "name": "Gold Bar Distillery",
        "opening_hours": "Tu-Su 12:00-21:00",
        "website": "https://goldbarwhiskey.com"
      },
      "geometry": {
        "type": "Point",
        "coordinates": [
          -122.3710281,
          37.8168273
        ]
      },
      "id": "node/13257040801"
    },
    {
      "type": "Feature",
      "properties": {
        "@id": "node/13594408375",
        "addr:housenumber": "134",
        "addr:street": "Ellis Street",
        "amenity": "bar",
        "name": "Silk Road Bar",
        "opening_hours": "We,Th 16:00-22:00, Fr,Sa 16:00-24:00, Su-Tu 16:00-21:00",
        "website": "https://silkroadbarsf.com/"
      },
      "geometry": {
        "type": "Point",
        "coordinates": [
          -122.408418,
          37.7855417
        ]
      },
      "id": "node/13594408375"
    },
    {
      "type": "Feature",
      "properties": {
        "@id": "node/13613318657",
        "amenity": "bar",
        "check_date": "2026-04-29",
        "level": "0",
        "name": "Scarlet Fox Wine Bar",
        "opening_hours": "Mo-Tu,Sa 17:00-22:00; We-Fr 14:00-22:00; Su off",
        "wheelchair": "yes"
      },
      "geometry": {
        "type": "Point",
        "coordinates": [
          -122.4441734,
          37.7742877
        ]
      },
      "id": "node/13613318657"
    },
    {
      "type": "Feature",
      "properties": {
        "@id": "node/13631146967",
        "addr:housenumber": "795",
        "addr:street": "Valencia Street",
        "amenity": "bar",
        "name": "Etcetera Wine Bar"
      },
      "geometry": {
        "type": "Point",
        "coordinates": [
          -122.421319,
          37.7602888
        ]
      },
      "id": "node/13631146967"
    },
    {
      "type": "Feature",
      "properties": {
        "@id": "node/13715184385",
        "addr:housenumber": "3191",
        "addr:street": "Mission Street",
        "amenity": "pub",
        "microbrewery": "yes",
        "name": "Cellarmaker"
      },
      "geometry": {
        "type": "Point",
        "coordinates": [
          -122.4196363,
          37.7457503
        ]
      },
      "id": "node/13715184385"
    },
    {
      "type": "Feature",
      "properties": {
        "@id": "node/13739098894",
        "addr:city": "San Francisco",
        "addr:country": "US",
        "addr:county": "San Francisco",
        "addr:housenumber": "3821",
        "addr:postcode": "94122",
        "addr:state": "CA",
        "addr:street": "Noriega Street",
        "amenity": "pub",
        "craft": "brewery",
        "name": "Two Pitchers Brewing Company",
        "phone": "+1-510-999-4939",
        "website": "https://www.twopitchers.com/oceanbeach"
      },
      "geometry": {
        "type": "Point",
        "coordinates": [
          -122.5048416,
          37.7528475
        ]
      },
      "id": "node/13739098894"
    },
    {
      "type": "Feature",
      "properties": {
        "@id": "node/13765410525",
        "addr:housenumber": "2512",
        "addr:street": "Mission Street",
        "amenity": "bar",
        "check_date": "2026-04-26",
        "name": "Arcana",
        "website": "https://www.arcanasf.com/"
      },
      "geometry": {
        "type": "Point",
        "coordinates": [
          -122.4190806,
          37.7566653
        ]
      },
      "id": "node/13765410525"
    },
    {
      "type": "Feature",
      "properties": {
        "@id": "node/13768629906",
        "addr:housenumber": "3286",
        "addr:street": "22nd Street",
        "amenity": "bar",
        "name": "Latin American Club"
      },
      "geometry": {
        "type": "Point",
        "coordinates": [
          -122.4206643,
          37.7554302
        ]
      },
      "id": "node/13768629906"
    },
    {
      "type": "Feature",
      "properties": {
        "@id": "node/13816468428",
        "amenity": "bar",
        "check_date": "2026-05-10",
        "level": "0",
        "name": "Blondies Bar",
        "wheelchair": "yes"
      },
      "geometry": {
        "type": "Point",
        "coordinates": [
          -122.4219848,
          37.7642161
        ]
      },
      "id": "node/13816468428"
    },
    {
      "type": "Feature",
      "properties": {
        "@id": "node/13941683512",
        "addr:housenumber": "3779",
        "addr:street": "Mission Street",
        "amenity": "bar",
        "name": "Canchola's Bar"
      },
      "geometry": {
        "type": "Point",
        "coordinates": [
          -122.4242302,
          37.7362958
        ]
      },
      "id": "node/13941683512"
    },
    {
      "type": "Feature",
      "properties": {
        "@id": "node/13990909501",
        "addr:housenumber": "1327",
        "addr:postcode": "94133",
        "addr:street": "Mason Street",
        "amenity": "bar",
        "check_date": "2026-07-05",
        "cuisine": "japanese;tea",
        "name": "Kissakeko"
      },
      "geometry": {
        "type": "Point",
        "coordinates": [
          -122.4115205,
          37.795748
        ]
      },
      "id": "node/13990909501"
    },
    {
      "type": "Feature",
      "properties": {
        "@id": "node/13991331474",
        "addr:city": "San Francisco",
        "addr:housenumber": "2369",
        "addr:state": "CA",
        "addr:street": "Market Street",
        "amenity": "bar",
        "lgbtq": "primary",
        "name": "The Café"
      },
      "geometry": {
        "type": "Point",
        "coordinates": [
          -122.434327,
          37.7630042
        ]
      },
      "id": "node/13991331474"
    },
    {
      "type": "Feature",
      "properties": {
        "@id": "node/14052475620",
        "addr:housenumber": "316",
        "addr:street": "11th St",
        "amenity": "bar",
        "name": "Bergerac",
        "opening_hours": "We-Fr 17:00-02:00; Sa 19:00-02:00",
        "phone": "+1-415-255-9440",
        "website": "https://m.bergeracsf.com/"
      },
      "geometry": {
        "type": "Point",
        "coordinates": [
          -122.413761,
          37.7714013
        ]
      },
      "id": "node/14052475620"
    }
  ]
}